disaster_type,rainfall,water_level,wind_speed,atmospheric_pressure,magnitude,depth,seismic_intensity,population_density,previous_disasters,risk
Flood,122.0,1.2,89.0,,,,,921,1,Medium
Flood,290.0,5.48,101.0,,,,,337,6,High
Flood,126.0,5.29,106.0,,,,,480,2,Medium
Flood,91.0,8.48,68.0,,,,,998,6,Medium
Flood,208.0,3.77,68.0,,,,,582,7,Medium
Flood,40.0,8.35,57.0,,,,,1001,2,Medium
Flood,122.0,9.71,22.0,,,,,1148,4,Medium
Flood,141.0,1.8,116.0,,,,,1240,0,Medium
Flood,234.0,8.13,54.0,,,,,581,2,Medium
Flood,107.0,6.31,98.0,,,,,1016,0,Medium
Flood,119.0,5.32,109.0,,,,,1093,3,Medium
Flood,171.0,4.78,16.0,,,,,1063,0,Medium
Flood,150.0,8.06,142.0,,,,,636,3,High
Flood,169.0,6.75,54.0,,,,,1202,1,Medium
Flood,277.0,8.25,67.0,,,,,1296,1,High
Flood,211.0,9.13,40.0,,,,,1135,5,High
Flood,296.0,6.56,32.0,,,,,227,5,Medium
Flood,180.0,9.82,147.0,,,,,191,4,High
Flood,41.0,6.47,116.0,,,,,642,2,Medium
Flood,272.0,6.73,48.0,,,,,945,4,High
Flood,255.0,5.99,91.0,,,,,1088,3,High
Flood,68.0,1.82,109.0,,,,,546,4,Medium
Flood,78.0,7.54,11.0,,,,,489,0,Low
Flood,189.0,5.93,86.0,,,,,771,3,Medium
Flood,207.0,5.06,21.0,,,,,142,5,Medium
Flood,290.0,9.19,48.0,,,,,353,1,High
Flood,209.0,3.68,22.0,,,,,1253,5,Medium
Flood,194.0,5.71,55.0,,,,,1183,2,Medium
Flood,70.0,7.28,122.0,,,,,762,3,Medium
Flood,74.0,8.17,26.0,,,,,566,3,Medium
Flood,263.0,5.13,113.0,,,,,386,0,Medium
Flood,150.0,8.58,107.0,,,,,1110,2,High
Flood,154.0,7.92,97.0,,,,,877,1,Medium
Flood,40.0,1.6,118.0,,,,,444,6,Medium
Flood,186.0,1.41,79.0,,,,,741,3,Medium
Flood,293.0,6.59,83.0,,,,,481,3,High
Flood,108.0,4.13,72.0,,,,,789,0,Medium
Flood,33.0,2.88,69.0,,,,,1376,4,Medium
Flood,261.0,6.22,88.0,,,,,1179,7,High
Flood,284.0,4.07,46.0,,,,,556,1,Medium
Flood,72.0,5.84,31.0,,,,,1082,5,Medium
Flood,111.0,5.14,105.0,,,,,182,2,Medium
Flood,283.0,6.26,77.0,,,,,1222,3,High
Flood,54.0,4.6,26.0,,,,,248,3,Low
Flood,225.0,7.28,21.0,,,,,1452,5,High
Flood,100.0,2.62,147.0,,,,,1279,1,Medium
Flood,69.0,7.27,127.0,,,,,289,7,Medium
Flood,21.0,4.7,31.0,,,,,982,4,Low
Flood,73.0,8.87,129.0,,,,,362,3,Medium
Flood,125.0,5.64,59.0,,,,,1203,7,Medium
Flood,279.0,9.76,23.0,,,,,499,1,High
Flood,210.0,6.42,38.0,,,,,863,5,Medium
Flood,237.0,3.01,134.0,,,,,708,0,Medium
Flood,63.0,8.4,16.0,,,,,1383,4,Medium
Flood,181.0,4.11,38.0,,,,,884,2,Medium
Flood,221.0,4.13,148.0,,,,,200,3,Medium
Flood,289.0,1.29,42.0,,,,,1482,1,Medium
Flood,290.0,5.94,143.0,,,,,919,0,High
Flood,234.0,5.81,120.0,,,,,1344,2,High
Flood,271.0,4.2,88.0,,,,,919,6,High
Flood,209.0,9.05,67.0,,,,,519,1,Medium
Flood,232.0,2.16,35.0,,,,,223,1,Medium
Flood,227.0,3.97,38.0,,,,,521,2,Medium
Flood,256.0,3.89,13.0,,,,,1354,0,Medium
Flood,72.0,1.83,108.0,,,,,1186,6,Medium
Flood,299.0,5.33,150.0,,,,,867,7,High
Flood,236.0,7.19,48.0,,,,,582,7,High
Flood,271.0,5.6,24.0,,,,,618,5,Medium
Flood,207.0,2.41,128.0,,,,,254,0,Medium
Flood,60.0,4.4,38.0,,,,,191,4,Low
Flood,176.0,1.02,84.0,,,,,1081,3,Medium
Flood,34.0,8.81,125.0,,,,,554,2,Medium
Flood,84.0,1.76,41.0,,,,,697,5,Low
Flood,28.0,6.38,139.0,,,,,609,6,Medium
Flood,148.0,9.88,93.0,,,,,1306,2,High
Flood,155.0,5.83,31.0,,,,,485,2,Medium
Flood,82.0,9.32,36.0,,,,,504,0,Medium
Flood,158.0,3.13,90.0,,,,,345,3,Medium
Flood,100.0,7.84,135.0,,,,,841,4,High
Flood,182.0,5.78,101.0,,,,,760,7,High
Flood,280.0,7.48,30.0,,,,,749,1,Medium
Flood,250.0,1.56,56.0,,,,,1000,1,Medium
Flood,60.0,2.33,110.0,,,,,164,2,Low
Flood,47.0,2.2,93.0,,,,,1136,7,Medium
Flood,154.0,7.18,15.0,,,,,312,7,Medium
Flood,220.0,8.6,140.0,,,,,341,3,High
Flood,287.0,7.75,10.0,,,,,592,6,High
Flood,52.0,1.27,67.0,,,,,1336,6,Medium
Flood,67.0,8.8,133.0,,,,,437,5,Medium
Flood,81.0,4.19,24.0,,,,,272,0,Low
Flood,235.0,4.57,73.0,,,,,771,3,Medium
Flood,118.0,1.94,34.0,,,,,263,3,Low
Flood,191.0,7.64,33.0,,,,,564,0,Medium
Flood,233.0,2.64,21.0,,,,,1094,7,Medium
Flood,54.0,6.08,27.0,,,,,596,6,Medium
Flood,246.0,8.57,24.0,,,,,799,6,High
Flood,120.0,1.8,36.0,,,,,494,7,Medium
Flood,150.0,5.82,81.0,,,,,802,6,Medium
Flood,276.0,3.1,69.0,,,,,407,2,Medium
Flood,24.0,4.09,102.0,,,,,282,3,Low
Flood,237.0,5.27,62.0,,,,,728,1,Medium
Flood,274.0,4.2,17.0,,,,,609,0,Medium
Flood,226.0,6.84,88.0,,,,,645,6,High
Flood,34.0,5.32,36.0,,,,,723,5,Medium
Flood,61.0,6.26,59.0,,,,,693,6,Medium
Flood,198.0,7.63,140.0,,,,,843,6,High
Flood,82.0,6.02,102.0,,,,,1350,4,Medium
Flood,250.0,6.28,33.0,,,,,653,2,Medium
Flood,260.0,6.08,69.0,,,,,120,0,Medium
Flood,71.0,4.41,131.0,,,,,653,4,Medium
Flood,115.0,4.04,140.0,,,,,496,4,Medium
Flood,241.0,9.1,55.0,,,,,724,5,High
Flood,250.0,6.47,24.0,,,,,204,3,Medium
Flood,256.0,3.2,26.0,,,,,291,5,Medium
Flood,162.0,5.48,135.0,,,,,116,3,Medium
Flood,190.0,3.97,93.0,,,,,1243,3,Medium
Flood,48.0,9.4,18.0,,,,,492,0,Medium
Flood,55.0,1.07,72.0,,,,,524,6,Low
Flood,32.0,3.03,126.0,,,,,228,0,Low
Flood,179.0,4.29,139.0,,,,,1253,2,High
Flood,206.0,5.39,97.0,,,,,671,3,Medium
Flood,262.0,8.66,81.0,,,,,128,4,High
Flood,105.0,1.79,148.0,,,,,1220,6,Medium
Flood,85.0,8.25,73.0,,,,,1133,1,Medium
Flood,189.0,1.5,81.0,,,,,341,2,Medium
Flood,64.0,8.58,30.0,,,,,331,0,Medium
Flood,81.0,1.46,27.0,,,,,888,5,Low
Flood,153.0,1.16,73.0,,,,,1407,2,Medium
Flood,47.0,7.27,91.0,,,,,814,2,Medium
Flood,127.0,9.98,119.0,,,,,858,6,High
Flood,63.0,9.07,104.0,,,,,901,2,Medium
Flood,147.0,6.18,41.0,,,,,875,2,Medium
Flood,250.0,9.26,20.0,,,,,825,1,High
Flood,209.0,1.05,54.0,,,,,299,7,Medium
Flood,244.0,9.78,42.0,,,,,1044,5,High
Flood,140.0,5.42,111.0,,,,,178,5,Medium
Flood,135.0,7.51,145.0,,,,,1055,5,High
Flood,252.0,8.39,20.0,,,,,955,3,High
Flood,278.0,7.47,97.0,,,,,1296,4,High
Flood,217.0,5.82,50.0,,,,,566,7,Medium
Flood,156.0,5.29,85.0,,,,,680,5,Medium
Flood,184.0,8.55,130.0,,,,,1039,2,High
Flood,244.0,2.85,55.0,,,,,548,2,Medium
Flood,253.0,9.71,89.0,,,,,186,5,High
Flood,191.0,7.4,63.0,,,,,200,6,Medium
Flood,171.0,2.8,95.0,,,,,1131,5,Medium
Flood,179.0,7.63,101.0,,,,,944,2,High
Flood,115.0,5.77,106.0,,,,,1323,3,Medium
Flood,252.0,7.37,11.0,,,,,186,0,Medium
Flood,199.0,7.91,42.0,,,,,142,0,Medium
Flood,132.0,1.79,86.0,,,,,507,7,Medium
Flood,71.0,5.55,125.0,,,,,763,7,Medium
Flood,287.0,9.39,112.0,,,,,1140,5,High
Flood,132.0,3.89,112.0,,,,,247,1,Medium
Flood,120.0,6.34,99.0,,,,,376,5,Medium
Flood,132.0,4.32,131.0,,,,,331,6,Medium
Flood,100.0,5.09,115.0,,,,,465,5,Medium
Flood,206.0,5.94,128.0,,,,,1351,7,High
Flood,132.0,5.94,58.0,,,,,535,0,Medium
Flood,21.0,2.82,113.0,,,,,498,2,Low
Flood,149.0,7.16,70.0,,,,,1334,5,High
Flood,239.0,1.79,132.0,,,,,598,2,Medium
Flood,73.0,2.25,143.0,,,,,639,2,Medium
Flood,243.0,1.02,18.0,,,,,662,1,Medium
Flood,244.0,2.05,15.0,,,,,541,2,Medium
Flood,145.0,5.26,82.0,,,,,1384,0,Medium
Flood,149.0,6.45,112.0,,,,,872,3,Medium
Flood,72.0,8.15,50.0,,,,,449,3,Medium
Flood,191.0,1.96,123.0,,,,,1475,4,High
Flood,237.0,8.66,17.0,,,,,619,6,High
Flood,179.0,7.71,81.0,,,,,1443,5,High
Flood,217.0,4.68,101.0,,,,,237,6,Medium
Flood,266.0,9.4,71.0,,,,,1091,0,High
Flood,222.0,9.92,93.0,,,,,467,2,High
Flood,203.0,2.85,71.0,,,,,1343,3,Medium
Flood,142.0,4.41,120.0,,,,,1460,6,High
Flood,274.0,9.34,136.0,,,,,1346,0,High
Flood,299.0,7.49,16.0,,,,,459,3,Medium
Flood,117.0,1.43,93.0,,,,,1020,2,Medium
Flood,217.0,8.03,141.0,,,,,428,6,High
Flood,259.0,8.45,143.0,,,,,1061,3,High
Flood,163.0,7.75,67.0,,,,,562,5,Medium
Flood,116.0,8.2,31.0,,,,,1045,7,Medium
Flood,220.0,8.43,136.0,,,,,1062,5,High
Flood,143.0,2.68,12.0,,,,,935,4,Medium
Flood,206.0,3.12,136.0,,,,,268,4,Medium
Flood,278.0,6.7,50.0,,,,,316,3,Medium
Flood,167.0,9.17,115.0,,,,,477,7,High
Flood,271.0,3.85,23.0,,,,,218,0,Medium
Flood,166.0,6.29,21.0,,,,,289,5,Medium
Flood,167.0,7.15,96.0,,,,,866,0,Medium
Flood,218.0,5.07,21.0,,,,,469,7,Medium
Flood,147.0,7.42,150.0,,,,,248,0,Medium
Flood,58.0,9.1,34.0,,,,,751,7,Medium
Flood,148.0,6.62,54.0,,,,,869,3,Medium
Flood,286.0,5.86,131.0,,,,,473,0,High
Flood,170.0,4.95,64.0,,,,,880,5,Medium
Flood,118.0,6.2,109.0,,,,,259,2,Medium
Flood,282.0,4.2,145.0,,,,,450,4,High
Flood,271.0,4.52,128.0,,,,,1411,2,High
Flood,163.0,5.79,62.0,,,,,1411,0,Medium
Flood,131.0,1.6,41.0,,,,,991,2,Medium
Flood,79.0,3.06,60.0,,,,,1349,5,Medium
Flood,21.0,5.89,53.0,,,,,622,5,Medium
Flood,273.0,4.88,91.0,,,,,621,0,Medium
Flood,159.0,4.0,46.0,,,,,882,3,Medium
Flood,56.0,7.57,105.0,,,,,372,2,Medium
Flood,179.0,7.24,65.0,,,,,1035,3,Medium
Flood,28.0,2.5,114.0,,,,,282,3,Low
Flood,252.0,8.91,68.0,,,,,587,7,High
Flood,118.0,5.46,140.0,,,,,945,1,Medium
Flood,166.0,7.67,44.0,,,,,223,0,Medium
Flood,227.0,6.16,102.0,,,,,1084,4,High
Flood,150.0,9.98,106.0,,,,,889,5,High
Flood,171.0,7.77,144.0,,,,,513,5,High
Flood,73.0,7.36,85.0,,,,,1295,0,Medium
Flood,139.0,8.01,58.0,,,,,1411,7,High
Flood,180.0,2.29,103.0,,,,,785,6,Medium
Flood,135.0,2.84,33.0,,,,,212,6,Medium
Flood,94.0,7.43,46.0,,,,,987,6,Medium
Flood,132.0,5.45,13.0,,,,,221,7,Medium
Flood,123.0,7.79,117.0,,,,,1345,4,High
Flood,273.0,1.93,135.0,,,,,138,5,Medium
Flood,246.0,5.83,29.0,,,,,596,0,Medium
Flood,131.0,4.41,59.0,,,,,879,7,Medium
Flood,118.0,5.11,105.0,,,,,1356,5,Medium
Flood,172.0,6.44,114.0,,,,,1042,3,High
Flood,213.0,5.52,126.0,,,,,248,2,Medium
Flood,182.0,5.86,107.0,,,,,1121,2,High
Flood,227.0,5.38,75.0,,,,,760,7,High
Flood,188.0,4.68,88.0,,,,,401,5,Medium
Flood,180.0,7.95,15.0,,,,,1483,1,Medium
Flood,87.0,1.11,48.0,,,,,337,4,Low
Flood,296.0,6.39,124.0,,,,,746,6,High
Flood,154.0,6.09,134.0,,,,,762,4,High
Flood,214.0,7.45,21.0,,,,,335,4,Medium
Flood,147.0,6.39,140.0,,,,,302,7,High
Flood,52.0,8.44,27.0,,,,,355,3,Medium
Flood,195.0,9.63,49.0,,,,,697,4,High
Flood,41.0,4.08,30.0,,,,,761,2,Low
Flood,257.0,3.05,108.0,,,,,334,3,Medium
Flood,177.0,4.81,35.0,,,,,1468,0,Medium
Flood,57.0,3.59,17.0,,,,,633,4,Low
Flood,249.0,6.53,109.0,,,,,959,4,High
Flood,70.0,9.21,96.0,,,,,869,0,Medium
Flood,283.0,2.25,51.0,,,,,640,4,Medium
Flood,46.0,1.91,23.0,,,,,312,0,Low
Flood,245.0,3.3,87.0,,,,,562,3,Medium
Flood,296.0,7.53,11.0,,,,,535,2,Medium
Flood,116.0,6.34,128.0,,,,,382,0,Medium
Flood,166.0,1.92,46.0,,,,,187,1,Low
Flood,23.0,9.27,78.0,,,,,1167,7,Medium
Flood,54.0,8.11,50.0,,,,,560,7,Medium
Flood,211.0,1.21,71.0,,,,,377,0,Medium
Flood,68.0,6.86,69.0,,,,,520,7,Medium
Flood,36.0,7.94,134.0,,,,,1476,4,High
Flood,191.0,4.37,120.0,,,,,795,6,High
Flood,239.0,1.62,23.0,,,,,614,6,Medium
Flood,177.0,1.7,93.0,,,,,802,7,Medium
Flood,65.0,1.94,139.0,,,,,118,3,Medium
Flood,25.0,8.56,79.0,,,,,122,5,Medium
Flood,118.0,9.2,132.0,,,,,512,3,High
Flood,252.0,2.11,98.0,,,,,1153,5,High
Flood,56.0,3.12,37.0,,,,,207,6,Low
Flood,299.0,2.49,75.0,,,,,1490,6,High
Flood,200.0,2.68,14.0,,,,,1404,0,Medium
Flood,114.0,8.54,54.0,,,,,1251,2,Medium
Flood,118.0,3.99,56.0,,,,,1352,1,Medium
Flood,207.0,3.8,40.0,,,,,1234,3,Medium
Flood,135.0,3.05,148.0,,,,,235,4,Medium
Flood,210.0,6.47,19.0,,,,,461,5,Medium
Flood,272.0,4.41,127.0,,,,,1309,7,High
Flood,180.0,7.7,23.0,,,,,228,4,Medium
Flood,275.0,2.85,89.0,,,,,1384,2,High
Flood,147.0,8.09,102.0,,,,,614,5,High
Flood,37.0,6.43,19.0,,,,,548,3,Low
Flood,300.0,2.03,85.0,,,,,1227,0,Medium
Flood,242.0,4.73,103.0,,,,,1347,4,High
Flood,73.0,8.77,114.0,,,,,973,2,Medium
Flood,77.0,9.31,10.0,,,,,572,3,Medium
Flood,193.0,5.19,142.0,,,,,1133,6,High
Flood,299.0,5.33,29.0,,,,,401,6,Medium
Flood,133.0,9.27,17.0,,,,,330,3,Medium
Flood,170.0,6.28,10.0,,,,,1022,3,Medium
Flood,146.0,1.3,66.0,,,,,1189,3,Medium
Flood,174.0,9.21,73.0,,,,,1036,5,High
Flood,292.0,3.23,127.0,,,,,211,3,High
Flood,123.0,6.2,37.0,,,,,1136,4,Medium
Flood,265.0,2.49,130.0,,,,,599,2,Medium
Flood,195.0,1.3,116.0,,,,,1031,5,Medium
Flood,58.0,3.8,58.0,,,,,697,3,Low
Flood,189.0,8.02,129.0,,,,,333,1,High
Flood,266.0,3.5,53.0,,,,,701,7,Medium
Flood,45.0,2.98,65.0,,,,,413,1,Low
Flood,32.0,2.91,120.0,,,,,665,2,Medium
Flood,55.0,5.64,143.0,,,,,1135,6,Medium
Flood,192.0,9.78,117.0,,,,,308,0,High
Flood,39.0,5.13,123.0,,,,,1137,0,Medium
Flood,283.0,6.02,87.0,,,,,1500,7,High
Flood,161.0,8.75,139.0,,,,,1143,6,High
Flood,162.0,5.82,46.0,,,,,686,5,Medium
Flood,111.0,2.66,29.0,,,,,1114,5,Medium
Flood,234.0,3.7,35.0,,,,,1193,5,Medium
Flood,70.0,3.79,38.0,,,,,1334,0,Low
Flood,172.0,4.58,10.0,,,,,1224,1,Medium
Flood,205.0,4.84,128.0,,,,,797,0,Medium
Flood,82.0,8.2,44.0,,,,,231,4,Medium
Flood,209.0,4.14,68.0,,,,,1255,3,Medium
Flood,144.0,5.21,78.0,,,,,1143,5,Medium
Flood,169.0,6.62,21.0,,,,,635,1,Medium
Flood,77.0,4.4,29.0,,,,,1113,2,Medium
Flood,199.0,8.53,52.0,,,,,326,7,High
Flood,189.0,6.29,135.0,,,,,1277,2,High
Flood,290.0,3.65,59.0,,,,,921,3,Medium
Flood,73.0,7.43,38.0,,,,,970,1,Medium
Flood,120.0,5.75,48.0,,,,,504,0,Medium
Flood,283.0,5.81,47.0,,,,,301,0,Medium
Flood,72.0,5.33,93.0,,,,,137,4,Medium
Flood,79.0,5.47,137.0,,,,,1041,4,Medium
Flood,127.0,7.89,135.0,,,,,287,0,Medium
Flood,24.0,1.93,54.0,,,,,1180,2,Low
Flood,122.0,4.01,61.0,,,,,1040,7,Medium
Flood,215.0,1.68,89.0,,,,,1143,5,Medium
Flood,281.0,7.78,133.0,,,,,372,2,High
Flood,66.0,3.45,128.0,,,,,1242,7,Medium
Flood,163.0,9.08,17.0,,,,,682,4,Medium
Flood,288.0,5.74,94.0,,,,,615,3,High
Flood,143.0,8.21,138.0,,,,,1344,7,High
Flood,125.0,9.81,17.0,,,,,625,0,Medium
Flood,177.0,8.56,105.0,,,,,435,4,High
Flood,166.0,8.8,111.0,,,,,797,4,High
Flood,164.0,4.67,14.0,,,,,1178,5,Medium
Flood,139.0,5.97,95.0,,,,,599,0,Medium
Flood,294.0,3.28,43.0,,,,,999,5,High
Flood,111.0,2.77,64.0,,,,,865,0,Medium
Flood,77.0,5.55,128.0,,,,,635,5,Medium
Flood,248.0,6.36,123.0,,,,,261,7,High
Flood,136.0,4.05,35.0,,,,,693,2,Medium
Flood,298.0,6.12,145.0,,,,,258,3,High
Flood,146.0,8.99,56.0,,,,,1311,3,High
Flood,148.0,6.01,122.0,,,,,159,0,Medium
Flood,77.0,7.49,85.0,,,,,1014,1,Medium
Flood,141.0,8.25,81.0,,,,,1442,6,High
Flood,20.0,9.9,98.0,,,,,310,4,Medium
Flood,258.0,6.43,55.0,,,,,505,4,Medium
Flood,115.0,8.26,42.0,,,,,763,0,Medium
Flood,145.0,9.66,10.0,,,,,1232,7,High
Flood,137.0,9.5,40.0,,,,,1199,5,High
Flood,67.0,2.27,62.0,,,,,641,1,Low
Flood,108.0,4.66,57.0,,,,,1437,2,Medium
Flood,256.0,3.92,78.0,,,,,1097,5,High
Flood,291.0,1.78,114.0,,,,,1240,5,High
Flood,208.0,6.7,99.0,,,,,1026,0,High
Flood,211.0,7.62,72.0,,,,,967,0,Medium
Flood,88.0,8.63,82.0,,,,,118,7,Medium
Flood,297.0,2.1,98.0,,,,,531,4,Medium
Flood,266.0,8.89,22.0,,,,,839,0,High
Flood,95.0,6.79,82.0,,,,,1473,0,Medium
Flood,173.0,7.34,86.0,,,,,282,0,Medium
Flood,163.0,9.2,77.0,,,,,212,7,High
Flood,105.0,6.62,107.0,,,,,1306,4,High
Flood,204.0,4.02,134.0,,,,,580,2,Medium
Flood,239.0,8.43,111.0,,,,,1269,2,High
Flood,88.0,4.27,141.0,,,,,930,6,Medium
Flood,66.0,1.31,111.0,,,,,1236,6,Medium
Flood,113.0,8.48,28.0,,,,,862,0,Medium
Flood,257.0,4.11,91.0,,,,,575,6,High
Flood,223.0,7.96,150.0,,,,,862,4,High
Flood,237.0,4.26,32.0,,,,,1426,7,High
Flood,58.0,8.75,92.0,,,,,1070,2,Medium
Flood,119.0,2.98,118.0,,,,,1119,5,Medium
Flood,273.0,9.77,84.0,,,,,1241,2,High
Flood,241.0,8.02,138.0,,,,,260,2,High
Flood,42.0,2.03,97.0,,,,,500,4,Low
Flood,269.0,6.09,63.0,,,,,297,6,High
Flood,29.0,9.87,98.0,,,,,1383,5,High
Flood,265.0,5.24,74.0,,,,,759,4,High
Flood,119.0,2.64,85.0,,,,,1170,0,Medium
Flood,199.0,5.36,69.0,,,,,498,7,Medium
Flood,242.0,5.61,102.0,,,,,177,3,Medium
Flood,269.0,7.68,58.0,,,,,223,2,Medium
Flood,166.0,7.29,44.0,,,,,174,3,Medium
Flood,115.0,4.62,111.0,,,,,236,7,Medium
Flood,276.0,2.96,20.0,,,,,701,7,Medium
Flood,23.0,6.81,108.0,,,,,936,4,Medium
Flood,35.0,4.8,119.0,,,,,599,4,Medium
Flood,299.0,2.19,83.0,,,,,237,4,Medium
Flood,266.0,9.11,18.0,,,,,149,3,Medium
Flood,277.0,7.22,12.0,,,,,1072,4,High
Flood,179.0,7.15,94.0,,,,,353,7,High
Flood,171.0,8.4,35.0,,,,,809,0,Medium
Flood,197.0,5.77,81.0,,,,,662,4,Medium
Flood,182.0,8.34,57.0,,,,,856,1,Medium
Flood,52.0,5.48,126.0,,,,,646,6,Medium
Flood,198.0,1.6,21.0,,,,,1425,3,Medium
Flood,120.0,4.65,142.0,,,,,1021,1,Medium
Flood,287.0,5.48,57.0,,,,,680,4,High
Flood,84.0,7.48,46.0,,,,,1472,7,Medium
Flood,187.0,1.96,53.0,,,,,148,0,Low
Flood,62.0,2.26,24.0,,,,,1016,2,Low
Flood,63.0,3.37,52.0,,,,,1197,5,Medium
Flood,31.0,3.4,96.0,,,,,803,6,Medium
Flood,114.0,7.59,79.0,,,,,360,5,Medium
Flood,272.0,3.26,55.0,,,,,455,4,Medium
Flood,261.0,6.7,117.0,,,,,1383,6,High
Flood,54.0,5.45,132.0,,,,,737,6,Medium
Flood,234.0,6.16,30.0,,,,,842,0,Medium
Flood,109.0,8.54,116.0,,,,,1418,6,High
Flood,283.0,4.64,89.0,,,,,1109,3,High
Flood,112.0,7.94,56.0,,,,,1030,1,Medium
Flood,109.0,4.8,126.0,,,,,740,1,Medium
Flood,134.0,4.18,133.0,,,,,891,1,Medium
Flood,124.0,9.63,34.0,,,,,1436,3,Medium
Flood,215.0,2.66,45.0,,,,,711,5,Medium
Flood,133.0,1.81,60.0,,,,,908,0,Low
Flood,94.0,7.94,24.0,,,,,1305,6,Medium
Flood,236.0,1.61,77.0,,,,,785,3,Medium
Flood,296.0,8.53,30.0,,,,,1487,1,High
Flood,268.0,4.93,150.0,,,,,287,4,High
Flood,183.0,9.24,28.0,,,,,1084,2,Medium
Flood,211.0,7.49,43.0,,,,,647,6,High
Flood,246.0,6.49,87.0,,,,,824,3,High
Flood,196.0,9.54,134.0,,,,,1025,7,High
Flood,118.0,4.57,126.0,,,,,975,3,Medium
Flood,55.0,9.59,61.0,,,,,717,0,Medium
Flood,115.0,2.22,36.0,,,,,513,0,Low
Flood,171.0,5.35,44.0,,,,,1465,3,Medium
Flood,170.0,3.43,145.0,,,,,1343,1,Medium
Flood,209.0,5.86,115.0,,,,,1002,2,High
Flood,243.0,2.46,11.0,,,,,262,6,Medium
Flood,56.0,8.57,86.0,,,,,1343,0,Medium
Flood,287.0,8.62,141.0,,,,,369,6,High
Flood,202.0,9.6,99.0,,,,,731,1,High
Flood,32.0,2.39,98.0,,,,,1005,6,Medium
Flood,298.0,6.61,103.0,,,,,1305,4,High
Flood,236.0,5.27,16.0,,,,,304,0,Medium
Flood,292.0,4.1,104.0,,,,,681,1,High
Flood,81.0,4.16,117.0,,,,,940,1,Medium
Flood,103.0,4.72,83.0,,,,,1351,2,Medium
Flood,236.0,7.34,48.0,,,,,695,2,Medium
Flood,206.0,6.38,150.0,,,,,349,4,High
Flood,38.0,5.14,80.0,,,,,974,1,Medium
Flood,196.0,1.68,65.0,,,,,295,5,Medium
Flood,119.0,1.7,51.0,,,,,789,1,Low
Flood,252.0,1.02,45.0,,,,,1193,2,Medium
Flood,95.0,9.71,93.0,,,,,738,5,High
Flood,284.0,1.05,127.0,,,,,771,0,Medium
Flood,225.0,1.93,16.0,,,,,1326,0,Medium
Flood,242.0,3.83,63.0,,,,,1271,6,High
Flood,71.0,8.27,138.0,,,,,1043,3,High
Flood,163.0,9.66,129.0,,,,,298,2,High
Flood,88.0,8.11,115.0,,,,,591,3,Medium
Flood,118.0,7.22,56.0,,,,,995,5,Medium
Flood,44.0,5.69,132.0,,,,,241,2,Medium
Flood,72.0,1.78,150.0,,,,,1436,4,Medium
Flood,170.0,9.62,128.0,,,,,264,1,High
Flood,163.0,7.83,127.0,,,,,413,4,High
Flood,76.0,6.75,30.0,,,,,120,5,Medium
Flood,58.0,7.83,146.0,,,,,1205,2,Medium
Flood,128.0,7.52,35.0,,,,,1254,7,Medium
Flood,200.0,6.74,18.0,,,,,1083,5,Medium
Flood,61.0,9.83,24.0,,,,,404,7,Medium
Flood,205.0,9.13,19.0,,,,,470,1,Medium
Flood,242.0,6.82,131.0,,,,,952,0,High
Flood,141.0,7.24,130.0,,,,,483,0,Medium
Flood,152.0,1.46,134.0,,,,,544,5,Medium
Flood,182.0,7.03,81.0,,,,,524,3,Medium
Flood,234.0,1.4,58.0,,,,,260,2,Medium
Flood,240.0,6.29,100.0,,,,,1301,2,High
Flood,254.0,9.99,46.0,,,,,728,0,High
Flood,165.0,6.0,77.0,,,,,994,6,High
Flood,258.0,5.26,59.0,,,,,589,4,Medium
Flood,95.0,3.82,28.0,,,,,1116,6,Medium
Flood,28.0,2.08,109.0,,,,,426,1,Low
Flood,93.0,7.58,69.0,,,,,697,4,Medium
Flood,272.0,2.73,98.0,,,,,1114,4,High
Flood,249.0,2.04,78.0,,,,,388,5,Medium
Flood,26.0,4.8,58.0,,,,,692,0,Low
Flood,193.0,8.16,117.0,,,,,672,6,High
Flood,160.0,7.71,128.0,,,,,1477,6,High
Flood,187.0,1.49,46.0,,,,,127,0,Low
Flood,189.0,5.1,20.0,,,,,1053,6,Medium
Flood,141.0,5.7,147.0,,,,,142,7,Medium
Flood,213.0,6.8,87.0,,,,,522,0,Medium
Flood,24.0,6.85,86.0,,,,,276,5,Medium
Flood,48.0,4.28,11.0,,,,,628,3,Low
Flood,184.0,6.05,73.0,,,,,1065,4,Medium
Flood,155.0,5.33,44.0,,,,,297,5,Medium
Flood,164.0,8.96,16.0,,,,,709,2,Medium
Flood,236.0,5.77,94.0,,,,,941,1,High
Flood,151.0,4.97,76.0,,,,,952,3,Medium
Flood,89.0,4.64,51.0,,,,,121,2,Low
Flood,271.0,6.15,127.0,,,,,1235,4,High
Flood,294.0,8.24,134.0,,,,,1180,6,High
Flood,201.0,5.85,33.0,,,,,1189,0,Medium
Flood,186.0,6.95,55.0,,,,,941,4,Medium
Flood,110.0,7.64,28.0,,,,,197,5,Medium
Flood,221.0,5.68,77.0,,,,,1267,1,High
Flood,38.0,4.84,111.0,,,,,534,5,Medium
Flood,58.0,8.89,51.0,,,,,736,3,Medium
Flood,145.0,4.76,41.0,,,,,1209,3,Medium
Flood,192.0,5.16,118.0,,,,,687,1,Medium
Flood,160.0,9.91,45.0,,,,,443,7,High
Flood,261.0,1.0,106.0,,,,,1417,2,Medium
Flood,239.0,2.67,140.0,,,,,670,2,Medium
Flood,145.0,4.46,82.0,,,,,710,3,Medium
Flood,77.0,9.39,145.0,,,,,342,3,Medium
Flood,167.0,1.63,106.0,,,,,660,6,Medium
Flood,20.0,1.09,132.0,,,,,1059,0,Low
Flood,209.0,1.47,79.0,,,,,131,6,Medium
Flood,210.0,1.8,22.0,,,,,490,6,Medium
Flood,136.0,1.34,58.0,,,,,376,7,Medium
Flood,153.0,5.32,69.0,,,,,631,2,Medium
Flood,77.0,6.23,139.0,,,,,1277,7,High
Flood,63.0,3.45,14.0,,,,,482,7,Low
Flood,192.0,4.58,36.0,,,,,1191,1,Medium
Flood,179.0,1.83,17.0,,,,,983,2,Medium
Flood,192.0,4.03,59.0,,,,,313,0,Medium
Flood,168.0,5.7,76.0,,,,,475,5,Medium
Flood,99.0,7.59,53.0,,,,,843,3,Medium
Flood,232.0,1.03,134.0,,,,,312,3,Medium
Flood,222.0,5.21,67.0,,,,,178,0,Medium
Flood,271.0,3.67,12.0,,,,,727,7,Medium
Flood,248.0,8.68,95.0,,,,,703,6,High
Flood,183.0,7.44,79.0,,,,,881,1,Medium
Flood,246.0,6.3,139.0,,,,,1100,7,High
Flood,166.0,3.5,11.0,,,,,779,3,Medium
Flood,39.0,9.19,111.0,,,,,157,4,Medium
Flood,66.0,1.41,44.0,,,,,1149,6,Medium
Flood,252.0,1.99,107.0,,,,,980,3,Medium
Flood,33.0,4.52,39.0,,,,,546,4,Low
Flood,162.0,2.12,125.0,,,,,165,7,Medium
Flood,20.0,9.61,17.0,,,,,1377,0,Medium
Flood,73.0,8.18,53.0,,,,,1167,0,Medium
Flood,278.0,3.33,45.0,,,,,1220,6,High
Flood,163.0,6.3,86.0,,,,,1111,3,Medium
Flood,31.0,9.84,40.0,,,,,326,2,Medium
Flood,243.0,8.96,56.0,,,,,873,4,High
Flood,291.0,6.41,64.0,,,,,778,1,High
Flood,175.0,9.13,115.0,,,,,700,3,High
Flood,27.0,9.9,130.0,,,,,478,1,Medium
Flood,141.0,7.69,64.0,,,,,1301,3,Medium
Flood,183.0,1.58,21.0,,,,,808,2,Medium
Flood,109.0,4.61,149.0,,,,,406,2,Medium
Flood,155.0,8.54,145.0,,,,,878,6,High
Flood,205.0,3.08,12.0,,,,,603,6,Medium
Flood,197.0,8.48,39.0,,,,,367,2,Medium
Flood,47.0,2.08,32.0,,,,,107,5,Low
Flood,239.0,1.42,101.0,,,,,607,2,Medium
Flood,60.0,4.46,124.0,,,,,575,0,Medium
Flood,247.0,1.33,113.0,,,,,1420,0,Medium
Flood,211.0,9.62,127.0,,,,,263,5,High
Flood,164.0,8.44,14.0,,,,,584,7,Medium
Flood,220.0,8.21,113.0,,,,,1195,4,High
Flood,231.0,6.67,117.0,,,,,666,7,High
Flood,239.0,2.95,74.0,,,,,1004,1,Medium
Flood,259.0,5.66,130.0,,,,,658,7,High
Flood,65.0,6.38,39.0,,,,,337,3,Medium
Flood,54.0,5.73,93.0,,,,,1227,7,Medium
Flood,272.0,3.34,41.0,,,,,1333,3,Medium
Flood,101.0,5.64,25.0,,,,,653,5,Medium
Flood,275.0,5.42,47.0,,,,,927,0,Medium
Flood,216.0,9.97,45.0,,,,,567,6,High
Flood,29.0,9.08,123.0,,,,,1391,3,High
Flood,261.0,5.17,75.0,,,,,485,0,Medium
Flood,270.0,6.61,114.0,,,,,874,4,High
Flood,24.0,7.73,94.0,,,,,947,1,Medium
Flood,138.0,1.31,11.0,,,,,486,4,Low
Flood,84.0,9.05,84.0,,,,,976,5,Medium
Flood,165.0,8.74,76.0,,,,,358,7,High
Flood,243.0,5.12,64.0,,,,,382,7,Medium
Flood,258.0,4.52,15.0,,,,,139,2,Medium
Flood,196.0,3.46,95.0,,,,,585,2,Medium
Flood,286.0,5.29,69.0,,,,,1028,2,High
Flood,82.0,1.4,110.0,,,,,319,4,Medium
Flood,236.0,8.67,21.0,,,,,1252,3,High
Flood,196.0,1.32,58.0,,,,,1114,1,Medium
Flood,117.0,3.96,51.0,,,,,1123,2,Medium
Flood,124.0,9.38,91.0,,,,,712,5,High
Flood,118.0,7.62,44.0,,,,,1027,5,Medium
Flood,25.0,3.53,143.0,,,,,787,2,Medium
Flood,216.0,3.27,76.0,,,,,712,7,Medium
Flood,152.0,1.05,89.0,,,,,359,2,Medium
Flood,278.0,7.26,16.0,,,,,1089,1,High
Flood,42.0,1.44,23.0,,,,,1065,2,Low
Flood,72.0,5.79,82.0,,,,,465,1,Medium
Flood,184.0,9.66,75.0,,,,,643,5,High
Flood,221.0,1.99,100.0,,,,,748,2,Medium
Flood,102.0,9.05,139.0,,,,,913,4,High
Flood,164.0,9.92,29.0,,,,,1139,6,High
Flood,104.0,1.55,19.0,,,,,1252,4,Medium
Flood,97.0,8.95,34.0,,,,,674,5,Medium
Flood,20.0,5.64,34.0,,,,,1232,1,Low
Flood,70.0,9.16,63.0,,,,,1112,4,Medium
Flood,192.0,6.14,42.0,,,,,769,1,Medium
Flood,224.0,6.96,104.0,,,,,368,4,High
Flood,279.0,5.89,23.0,,,,,1285,4,High
Flood,53.0,8.78,74.0,,,,,1383,1,Medium
Flood,114.0,7.61,119.0,,,,,1023,3,High
Flood,91.0,5.69,89.0,,,,,1225,4,Medium
Cyclone,331.0,,64.0,924.0,,,,1091,6,Medium
Cyclone,426.0,,116.0,927.0,,,,1479,6,High
Cyclone,252.0,,163.0,1010.0,,,,306,2,Medium
Cyclone,251.0,,225.0,914.0,,,,1358,6,High
Cyclone,32.0,,47.0,903.0,,,,1478,2,Medium
Cyclone,35.0,,230.0,992.0,,,,614,6,Medium
Cyclone,122.0,,142.0,972.0,,,,1331,3,Medium
Cyclone,37.0,,58.0,926.0,,,,808,2,Low
Cyclone,457.0,,106.0,925.0,,,,1248,0,High
Cyclone,264.0,,88.0,918.0,,,,237,2,Medium
Cyclone,137.0,,204.0,1019.0,,,,438,2,Medium
Cyclone,190.0,,155.0,991.0,,,,636,3,Medium
Cyclone,238.0,,174.0,916.0,,,,167,3,Medium
Cyclone,269.0,,138.0,942.0,,,,482,2,Medium
Cyclone,360.0,,51.0,1020.0,,,,118,7,Medium
Cyclone,362.0,,97.0,940.0,,,,782,1,Medium
Cyclone,79.0,,98.0,941.0,,,,173,7,Medium
Cyclone,40.0,,194.0,949.0,,,,672,3,Medium
Cyclone,380.0,,78.0,983.0,,,,1038,7,Medium
Cyclone,185.0,,170.0,1008.0,,,,1399,7,Medium
Cyclone,99.0,,191.0,939.0,,,,1171,4,Medium
Cyclone,198.0,,138.0,938.0,,,,310,4,Medium
Cyclone,301.0,,115.0,1012.0,,,,954,0,Medium
Cyclone,97.0,,82.0,1016.0,,,,750,6,Low
Cyclone,384.0,,152.0,922.0,,,,1093,2,High
Cyclone,281.0,,116.0,1010.0,,,,794,1,Medium
Cyclone,77.0,,208.0,995.0,,,,639,0,Medium
Cyclone,213.0,,160.0,951.0,,,,1314,2,Medium
Cyclone,349.0,,71.0,946.0,,,,1438,7,Medium
Cyclone,216.0,,127.0,962.0,,,,1000,3,Medium
Cyclone,119.0,,189.0,996.0,,,,879,4,Medium
Cyclone,475.0,,138.0,1020.0,,,,1236,5,Medium
Cyclone,361.0,,80.0,1009.0,,,,269,1,Low
Cyclone,168.0,,114.0,968.0,,,,1137,7,Medium
Cyclone,386.0,,203.0,942.0,,,,387,5,High
Cyclone,118.0,,156.0,947.0,,,,288,4,Medium
Cyclone,303.0,,50.0,933.0,,,,1013,7,Medium
Cyclone,48.0,,73.0,939.0,,,,1278,6,Medium
Cyclone,500.0,,168.0,974.0,,,,793,6,High
Cyclone,340.0,,132.0,960.0,,,,987,5,Medium
Cyclone,387.0,,97.0,949.0,,,,570,3,Medium
Cyclone,403.0,,158.0,966.0,,,,1198,7,High
Cyclone,495.0,,121.0,961.0,,,,376,2,Medium
Cyclone,183.0,,220.0,957.0,,,,1039,7,High
Cyclone,419.0,,53.0,932.0,,,,1466,3,Medium
Cyclone,289.0,,154.0,974.0,,,,670,7,Medium
Cyclone,137.0,,170.0,915.0,,,,956,5,High
Cyclone,400.0,,140.0,981.0,,,,1100,3,Medium
Cyclone,314.0,,127.0,993.0,,,,1305,4,Medium
Cyclone,88.0,,168.0,947.0,,,,557,1,Medium
Cyclone,154.0,,208.0,1018.0,,,,1017,3,Medium
Cyclone,383.0,,46.0,909.0,,,,932,7,High
Cyclone,302.0,,128.0,981.0,,,,1187,4,Medium
Cyclone,136.0,,111.0,937.0,,,,938,1,Medium
Cyclone,328.0,,133.0,918.0,,,,1383,6,High
Cyclone,274.0,,243.0,935.0,,,,292,2,High
Cyclone,365.0,,181.0,958.0,,,,715,5,High
Cyclone,479.0,,48.0,962.0,,,,505,7,Medium
Cyclone,447.0,,194.0,976.0,,,,1042,7,High
Cyclone,276.0,,114.0,1019.0,,,,820,6,Medium
Cyclone,37.0,,37.0,945.0,,,,192,2,Low
Cyclone,170.0,,57.0,902.0,,,,529,6,Medium
Cyclone,391.0,,34.0,973.0,,,,753,0,Medium
Cyclone,37.0,,174.0,1001.0,,,,533,6,Medium
Cyclone,381.0,,130.0,964.0,,,,1235,4,High
Cyclone,123.0,,193.0,1018.0,,,,474,1,Medium
Cyclone,350.0,,147.0,1019.0,,,,1182,7,Medium
Cyclone,456.0,,176.0,990.0,,,,1166,6,High
Cyclone,68.0,,93.0,1009.0,,,,306,7,Low
Cyclone,110.0,,120.0,907.0,,,,879,3,Medium
Cyclone,216.0,,146.0,950.0,,,,1419,2,Medium
Cyclone,113.0,,127.0,1009.0,,,,1241,6,Medium
Cyclone,117.0,,40.0,1005.0,,,,631,1,Low
Cyclone,271.0,,83.0,980.0,,,,1345,4,Medium
Cyclone,371.0,,202.0,972.0,,,,265,0,Medium
Cyclone,122.0,,76.0,905.0,,,,742,7,Medium
Cyclone,115.0,,169.0,1006.0,,,,1279,2,Medium
Cyclone,73.0,,178.0,988.0,,,,1307,5,Medium
Cyclone,166.0,,168.0,938.0,,,,189,1,Medium
Cyclone,450.0,,249.0,1012.0,,,,1217,5,High
Cyclone,103.0,,34.0,959.0,,,,112,1,Low
Cyclone,65.0,,238.0,927.0,,,,1072,1,High
Cyclone,130.0,,213.0,996.0,,,,904,4,Medium
Cyclone,185.0,,49.0,953.0,,,,1044,4,Medium
Cyclone,455.0,,198.0,936.0,,,,841,4,High
Cyclone,284.0,,75.0,908.0,,,,975,6,Medium
Cyclone,200.0,,41.0,981.0,,,,1273,3,Medium
Cyclone,498.0,,99.0,955.0,,,,759,1,Medium
Cyclone,245.0,,46.0,958.0,,,,1131,2,Medium
Cyclone,199.0,,144.0,984.0,,,,1152,5,Medium
Cyclone,281.0,,176.0,901.0,,,,395,4,High
Cyclone,389.0,,183.0,960.0,,,,1085,6,High
Cyclone,351.0,,77.0,957.0,,,,1025,4,Medium
Cyclone,84.0,,137.0,1006.0,,,,739,5,Medium
Cyclone,485.0,,81.0,959.0,,,,439,5,Medium
Cyclone,461.0,,125.0,1001.0,,,,727,7,Medium
Cyclone,120.0,,99.0,939.0,,,,538,1,Medium
Cyclone,307.0,,212.0,935.0,,,,1267,4,High
Cyclone,130.0,,131.0,1013.0,,,,1041,5,Medium
Cyclone,184.0,,104.0,1006.0,,,,929,3,Medium
Cyclone,406.0,,190.0,936.0,,,,618,3,High
Cyclone,378.0,,219.0,978.0,,,,1075,4,High
Cyclone,480.0,,245.0,991.0,,,,1168,6,High
Cyclone,393.0,,180.0,917.0,,,,1054,5,High
Cyclone,170.0,,172.0,997.0,,,,1362,7,Medium
Cyclone,202.0,,184.0,962.0,,,,1051,1,Medium
Cyclone,39.0,,232.0,921.0,,,,1043,1,Medium
Cyclone,257.0,,221.0,910.0,,,,254,6,High
Cyclone,294.0,,238.0,957.0,,,,1304,7,High
Cyclone,467.0,,208.0,956.0,,,,1338,1,High
Cyclone,277.0,,210.0,976.0,,,,187,7,High
Cyclone,276.0,,235.0,903.0,,,,1379,0,High
Cyclone,184.0,,248.0,985.0,,,,1196,4,High
Cyclone,63.0,,111.0,906.0,,,,1030,1,Medium
Cyclone,158.0,,121.0,960.0,,,,278,3,Medium
Cyclone,189.0,,208.0,1006.0,,,,311,5,Medium
Cyclone,118.0,,204.0,953.0,,,,1357,7,High
Cyclone,122.0,,33.0,987.0,,,,564,7,Low
Cyclone,356.0,,164.0,967.0,,,,1346,2,High
Cyclone,270.0,,138.0,991.0,,,,730,6,Medium
Cyclone,352.0,,192.0,978.0,,,,924,2,High
Cyclone,497.0,,77.0,900.0,,,,1387,1,High
Cyclone,433.0,,102.0,954.0,,,,1330,2,Medium
Cyclone,146.0,,101.0,902.0,,,,706,2,Medium
Cyclone,123.0,,145.0,977.0,,,,984,0,Medium
Cyclone,192.0,,202.0,937.0,,,,465,7,High
Cyclone,128.0,,110.0,1013.0,,,,375,3,Low
Cyclone,142.0,,110.0,1020.0,,,,479,6,Low
Cyclone,388.0,,142.0,900.0,,,,1432,3,High
Cyclone,120.0,,125.0,1001.0,,,,1391,0,Medium
Cyclone,375.0,,101.0,937.0,,,,1044,0,Medium
Cyclone,235.0,,176.0,984.0,,,,1187,2,Medium
Cyclone,46.0,,92.0,1011.0,,,,909,4,Low
Cyclone,303.0,,67.0,928.0,,,,1473,7,Medium
Cyclone,202.0,,96.0,904.0,,,,1024,5,Medium
Cyclone,145.0,,216.0,1012.0,,,,593,7,Medium
Cyclone,378.0,,98.0,973.0,,,,1221,5,Medium
Cyclone,497.0,,42.0,991.0,,,,1194,2,Medium
Cyclone,210.0,,204.0,920.0,,,,463,5,High
Cyclone,120.0,,218.0,1013.0,,,,669,0,Medium
Cyclone,111.0,,60.0,970.0,,,,862,3,Low
Cyclone,353.0,,237.0,966.0,,,,375,5,High
Cyclone,478.0,,143.0,1008.0,,,,149,7,Medium
Cyclone,143.0,,51.0,946.0,,,,1481,6,Medium
Cyclone,286.0,,122.0,983.0,,,,827,2,Medium
Cyclone,87.0,,243.0,982.0,,,,1005,4,Medium
Cyclone,183.0,,200.0,934.0,,,,1027,2,High
Cyclone,394.0,,96.0,967.0,,,,663,1,Medium
Cyclone,433.0,,83.0,968.0,,,,882,2,Medium
Cyclone,145.0,,167.0,900.0,,,,584,0,Medium
Cyclone,372.0,,71.0,967.0,,,,1207,3,Medium
Cyclone,295.0,,93.0,911.0,,,,683,3,Medium
Cyclone,344.0,,155.0,959.0,,,,1419,6,High
Cyclone,232.0,,50.0,926.0,,,,335,5,Medium
Cyclone,70.0,,237.0,955.0,,,,155,0,Medium
Cyclone,134.0,,233.0,1005.0,,,,459,1,Medium
Cyclone,418.0,,223.0,922.0,,,,209,0,High
Cyclone,407.0,,198.0,924.0,,,,291,2,High
Cyclone,222.0,,181.0,920.0,,,,1003,0,Medium
Cyclone,430.0,,64.0,960.0,,,,1216,0,Medium
Cyclone,307.0,,213.0,962.0,,,,961,6,High
Cyclone,383.0,,59.0,951.0,,,,667,1,Medium
Cyclone,266.0,,86.0,987.0,,,,1183,2,Medium
Cyclone,454.0,,76.0,924.0,,,,749,4,High
Cyclone,250.0,,192.0,1008.0,,,,138,6,Medium
Cyclone,97.0,,48.0,954.0,,,,1172,4,Medium
Cyclone,226.0,,143.0,945.0,,,,736,6,Medium
Cyclone,285.0,,37.0,931.0,,,,1136,3,Medium
Cyclone,168.0,,55.0,954.0,,,,135,7,Medium
Cyclone,341.0,,142.0,995.0,,,,200,6,Medium
Cyclone,464.0,,100.0,904.0,,,,1209,5,High
Cyclone,178.0,,59.0,935.0,,,,1346,0,Medium
Cyclone,128.0,,164.0,1009.0,,,,1461,3,Medium
Cyclone,105.0,,96.0,1005.0,,,,265,1,Low
Cyclone,311.0,,94.0,948.0,,,,482,4,Medium
Cyclone,400.0,,65.0,1005.0,,,,1499,7,Medium
Cyclone,432.0,,54.0,957.0,,,,889,7,Medium
Cyclone,138.0,,66.0,938.0,,,,130,6,Medium
Cyclone,217.0,,30.0,979.0,,,,1498,0,Low
Cyclone,228.0,,172.0,996.0,,,,110,1,Medium
Cyclone,332.0,,66.0,1012.0,,,,1425,5,Medium
Cyclone,356.0,,170.0,984.0,,,,195,1,Medium
Cyclone,183.0,,165.0,960.0,,,,1313,0,Medium
Cyclone,69.0,,162.0,908.0,,,,552,5,Medium
Cyclone,162.0,,217.0,905.0,,,,291,1,High
Cyclone,434.0,,157.0,1014.0,,,,585,5,Medium
Cyclone,491.0,,230.0,1008.0,,,,1389,6,High
Cyclone,161.0,,156.0,934.0,,,,1251,6,High
Cyclone,308.0,,30.0,938.0,,,,337,0,Medium
Cyclone,391.0,,193.0,921.0,,,,1478,0,High
Cyclone,113.0,,64.0,940.0,,,,1235,5,Medium
Cyclone,428.0,,223.0,1017.0,,,,1466,2,High
Cyclone,271.0,,220.0,904.0,,,,1268,3,High
Cyclone,145.0,,133.0,941.0,,,,1188,7,Medium
Cyclone,138.0,,52.0,986.0,,,,1370,1,Low
Cyclone,250.0,,38.0,980.0,,,,834,1,Low
Cyclone,421.0,,63.0,975.0,,,,1090,2,Medium
Cyclone,70.0,,203.0,986.0,,,,924,2,Medium
Cyclone,397.0,,235.0,979.0,,,,205,2,High
Cyclone,176.0,,157.0,966.0,,,,280,4,Medium
Cyclone,141.0,,33.0,929.0,,,,283,4,Low
Cyclone,132.0,,187.0,956.0,,,,325,5,Medium
Cyclone,75.0,,131.0,985.0,,,,876,4,Medium
Cyclone,441.0,,104.0,972.0,,,,889,6,Medium
Cyclone,353.0,,128.0,928.0,,,,1212,6,High
Cyclone,407.0,,101.0,1010.0,,,,787,0,Medium
Cyclone,300.0,,32.0,936.0,,,,629,7,Medium
Cyclone,450.0,,171.0,986.0,,,,1494,5,High
Cyclone,414.0,,217.0,912.0,,,,1071,7,High
Cyclone,224.0,,234.0,931.0,,,,1035,1,High
Cyclone,396.0,,202.0,945.0,,,,205,3,High
Cyclone,309.0,,63.0,1015.0,,,,1394,0,Low
Cyclone,312.0,,74.0,1010.0,,,,930,1,Medium
Cyclone,69.0,,90.0,1011.0,,,,778,1,Low
Cyclone,476.0,,112.0,922.0,,,,948,5,High
Cyclone,218.0,,152.0,944.0,,,,1155,2,Medium
Cyclone,193.0,,131.0,916.0,,,,492,2,Medium
Cyclone,53.0,,45.0,1018.0,,,,139,7,Low
Cyclone,53.0,,95.0,1003.0,,,,759,0,Low
Cyclone,33.0,,197.0,984.0,,,,1341,2,Medium
Cyclone,352.0,,174.0,965.0,,,,1080,1,Medium
Cyclone,319.0,,148.0,1000.0,,,,1205,2,Medium
Cyclone,470.0,,191.0,905.0,,,,944,4,High
Cyclone,462.0,,153.0,1007.0,,,,300,2,Medium
Cyclone,500.0,,173.0,917.0,,,,546,1,High
Cyclone,210.0,,131.0,993.0,,,,1161,7,Medium
Cyclone,277.0,,217.0,921.0,,,,1334,5,High
Cyclone,145.0,,95.0,1017.0,,,,543,0,Low
Cyclone,308.0,,223.0,932.0,,,,1450,3,High
Cyclone,394.0,,247.0,929.0,,,,860,2,High
Cyclone,98.0,,42.0,980.0,,,,326,6,Low
Cyclone,380.0,,213.0,1006.0,,,,147,6,High
Cyclone,283.0,,140.0,931.0,,,,1141,7,High
Cyclone,210.0,,188.0,941.0,,,,1011,1,Medium
Cyclone,347.0,,63.0,1014.0,,,,286,3,Low
Cyclone,198.0,,68.0,977.0,,,,444,3,Low
Cyclone,342.0,,224.0,909.0,,,,323,4,High
Cyclone,278.0,,165.0,1010.0,,,,929,3,Medium
Cyclone,217.0,,244.0,1014.0,,,,587,6,Medium
Cyclone,83.0,,235.0,935.0,,,,976,5,High
Cyclone,355.0,,149.0,933.0,,,,948,1,High
Cyclone,386.0,,155.0,972.0,,,,1352,1,Medium
Cyclone,342.0,,84.0,1005.0,,,,1078,2,Medium
Cyclone,167.0,,56.0,927.0,,,,1116,2,Medium
Cyclone,197.0,,147.0,910.0,,,,287,2,Medium
Cyclone,420.0,,250.0,977.0,,,,369,6,High
Cyclone,132.0,,82.0,938.0,,,,409,6,Medium
Cyclone,451.0,,68.0,1018.0,,,,1255,7,Medium
Cyclone,114.0,,94.0,946.0,,,,1195,6,Medium
Cyclone,346.0,,174.0,1017.0,,,,944,6,Medium
Cyclone,241.0,,187.0,918.0,,,,1310,6,High
Cyclone,32.0,,210.0,1017.0,,,,585,6,Medium
Cyclone,413.0,,42.0,914.0,,,,1314,5,High
Cyclone,208.0,,50.0,927.0,,,,219,6,Medium
Cyclone,371.0,,176.0,923.0,,,,319,7,High
Cyclone,332.0,,82.0,971.0,,,,152,3,Medium
Cyclone,481.0,,48.0,1006.0,,,,1360,3,Medium
Cyclone,361.0,,86.0,908.0,,,,857,4,High
Cyclone,67.0,,54.0,946.0,,,,837,5,Medium
Cyclone,449.0,,243.0,932.0,,,,819,2,High
Cyclone,268.0,,60.0,961.0,,,,505,0,Medium
Cyclone,198.0,,110.0,996.0,,,,707,6,Medium
Cyclone,482.0,,212.0,918.0,,,,1120,4,High
Cyclone,426.0,,52.0,966.0,,,,521,0,Medium
Cyclone,372.0,,61.0,973.0,,,,811,7,Medium
Cyclone,343.0,,219.0,939.0,,,,346,3,High
Cyclone,335.0,,103.0,946.0,,,,171,4,Medium
Cyclone,59.0,,39.0,1005.0,,,,284,7,Low
Cyclone,219.0,,229.0,964.0,,,,105,4,Medium
Cyclone,386.0,,83.0,928.0,,,,1329,1,Medium
Cyclone,54.0,,81.0,949.0,,,,1005,7,Medium
Cyclone,141.0,,177.0,997.0,,,,486,3,Medium
Cyclone,440.0,,189.0,1014.0,,,,798,3,Medium
Cyclone,464.0,,143.0,912.0,,,,1199,5,High
Cyclone,235.0,,43.0,1017.0,,,,1300,4,Low
Cyclone,214.0,,207.0,900.0,,,,926,6,High
Cyclone,411.0,,185.0,933.0,,,,448,3,High
Cyclone,408.0,,139.0,992.0,,,,1378,4,Medium
Cyclone,76.0,,82.0,947.0,,,,407,5,Medium
Cyclone,403.0,,181.0,1010.0,,,,1468,6,High
Cyclone,257.0,,108.0,976.0,,,,1250,7,Medium
Cyclone,68.0,,51.0,947.0,,,,386,5,Low
Cyclone,45.0,,59.0,948.0,,,,865,1,Low
Cyclone,51.0,,220.0,1016.0,,,,824,6,Medium
Cyclone,242.0,,33.0,963.0,,,,861,4,Medium
Cyclone,339.0,,234.0,960.0,,,,482,3,High
Cyclone,178.0,,88.0,928.0,,,,487,3,Medium
Cyclone,485.0,,244.0,938.0,,,,624,4,High
Cyclone,270.0,,37.0,987.0,,,,738,4,Low
Cyclone,301.0,,239.0,925.0,,,,1037,4,High
Cyclone,88.0,,41.0,916.0,,,,375,2,Low
Cyclone,316.0,,148.0,970.0,,,,599,6,Medium
Cyclone,455.0,,188.0,912.0,,,,816,3,High
Cyclone,231.0,,235.0,968.0,,,,436,6,High
Cyclone,61.0,,63.0,925.0,,,,1031,5,Medium
Cyclone,472.0,,111.0,948.0,,,,580,3,Medium
Cyclone,191.0,,127.0,966.0,,,,1010,2,Medium
Cyclone,284.0,,156.0,906.0,,,,1396,4,High
Cyclone,283.0,,104.0,957.0,,,,1181,1,Medium
Cyclone,38.0,,134.0,948.0,,,,1451,4,Medium
Cyclone,494.0,,233.0,1002.0,,,,208,7,High
Cyclone,168.0,,78.0,952.0,,,,1402,4,Medium
Cyclone,39.0,,108.0,964.0,,,,427,2,Low
Cyclone,243.0,,214.0,1012.0,,,,414,6,Medium
Cyclone,302.0,,122.0,961.0,,,,1234,3,Medium
Cyclone,353.0,,183.0,916.0,,,,798,4,High
Cyclone,77.0,,47.0,942.0,,,,880,3,Low
Cyclone,465.0,,125.0,924.0,,,,1352,0,High
Cyclone,140.0,,243.0,902.0,,,,255,5,High
Cyclone,182.0,,67.0,978.0,,,,1395,6,Medium
Cyclone,152.0,,238.0,928.0,,,,986,3,High
Cyclone,434.0,,116.0,1016.0,,,,1125,1,Medium
Cyclone,386.0,,117.0,1006.0,,,,857,5,Medium
Cyclone,131.0,,79.0,931.0,,,,821,7,Medium
Cyclone,270.0,,37.0,925.0,,,,1012,7,Medium
Cyclone,350.0,,198.0,915.0,,,,1409,1,High
Cyclone,220.0,,163.0,924.0,,,,970,4,High
Cyclone,246.0,,98.0,953.0,,,,112,5,Medium
Cyclone,80.0,,201.0,927.0,,,,707,3,Medium
Cyclone,321.0,,150.0,972.0,,,,597,5,Medium
Cyclone,110.0,,93.0,1019.0,,,,337,4,Low
Cyclone,412.0,,186.0,955.0,,,,1217,2,High
Cyclone,117.0,,185.0,964.0,,,,1461,6,Medium
Cyclone,223.0,,168.0,992.0,,,,880,1,Medium
Cyclone,133.0,,150.0,1020.0,,,,1294,4,Medium
Cyclone,300.0,,94.0,985.0,,,,705,2,Medium
Cyclone,125.0,,136.0,979.0,,,,760,5,Medium
Cyclone,452.0,,176.0,940.0,,,,948,5,High
Cyclone,408.0,,166.0,1014.0,,,,1035,4,Medium
Cyclone,227.0,,184.0,1007.0,,,,727,3,Medium
Cyclone,30.0,,191.0,950.0,,,,242,5,Medium
Cyclone,436.0,,201.0,1017.0,,,,1324,3,High
Cyclone,407.0,,225.0,1004.0,,,,1303,3,High
Cyclone,196.0,,129.0,970.0,,,,813,6,Medium
Cyclone,155.0,,111.0,977.0,,,,1487,3,Medium
Cyclone,342.0,,172.0,928.0,,,,578,0,High
Cyclone,110.0,,80.0,982.0,,,,664,6,Medium
Cyclone,447.0,,170.0,918.0,,,,570,2,High
Cyclone,280.0,,112.0,965.0,,,,483,2,Medium
Cyclone,198.0,,206.0,940.0,,,,1025,5,High
Cyclone,102.0,,227.0,944.0,,,,516,5,High
Cyclone,170.0,,141.0,914.0,,,,407,3,Medium
Cyclone,99.0,,85.0,902.0,,,,748,6,Medium
Cyclone,291.0,,233.0,910.0,,,,1490,6,High
Cyclone,369.0,,208.0,952.0,,,,1124,0,High
Cyclone,337.0,,194.0,945.0,,,,1167,3,High
Cyclone,274.0,,174.0,929.0,,,,838,0,Medium
Cyclone,32.0,,215.0,956.0,,,,1221,7,High
Cyclone,366.0,,244.0,1003.0,,,,1388,3,High
Cyclone,92.0,,247.0,917.0,,,,239,1,Medium
Cyclone,78.0,,186.0,950.0,,,,1360,1,Medium
Cyclone,105.0,,190.0,947.0,,,,1073,4,Medium
Cyclone,397.0,,89.0,965.0,,,,1116,3,Medium
Cyclone,204.0,,248.0,995.0,,,,1052,6,High
Cyclone,138.0,,246.0,907.0,,,,1003,5,High
Cyclone,212.0,,149.0,921.0,,,,171,2,Medium
Cyclone,221.0,,212.0,905.0,,,,1313,4,High
Cyclone,94.0,,167.0,975.0,,,,1391,5,Medium
Cyclone,366.0,,204.0,1010.0,,,,1444,1,Medium
Cyclone,480.0,,52.0,956.0,,,,206,3,Medium
Cyclone,300.0,,242.0,1003.0,,,,1355,4,High
Cyclone,129.0,,178.0,935.0,,,,1165,3,Medium
Cyclone,61.0,,42.0,978.0,,,,982,1,Low
Cyclone,381.0,,130.0,991.0,,,,238,4,Medium
Cyclone,157.0,,190.0,1015.0,,,,714,1,Medium
Cyclone,481.0,,53.0,956.0,,,,962,0,Medium
Cyclone,431.0,,137.0,948.0,,,,372,1,Medium
Cyclone,398.0,,40.0,944.0,,,,515,6,Medium
Cyclone,368.0,,46.0,981.0,,,,605,6,Medium
Cyclone,72.0,,225.0,965.0,,,,832,3,Medium
Cyclone,401.0,,204.0,976.0,,,,523,2,High
Cyclone,448.0,,54.0,944.0,,,,489,1,Medium
Cyclone,107.0,,123.0,1017.0,,,,441,5,Low
Cyclone,343.0,,230.0,978.0,,,,1045,6,High
Cyclone,318.0,,50.0,919.0,,,,713,7,Medium
Cyclone,299.0,,113.0,963.0,,,,592,2,Medium
Cyclone,191.0,,240.0,992.0,,,,291,0,Medium
Cyclone,218.0,,240.0,1005.0,,,,598,4,Medium
Cyclone,276.0,,169.0,992.0,,,,921,4,Medium
Cyclone,417.0,,66.0,966.0,,,,1356,6,Medium
Cyclone,245.0,,71.0,982.0,,,,326,2,Low
Cyclone,344.0,,174.0,902.0,,,,1494,6,High
Cyclone,442.0,,130.0,953.0,,,,238,4,Medium
Cyclone,368.0,,77.0,977.0,,,,955,7,Medium
Cyclone,419.0,,132.0,963.0,,,,916,1,Medium
Cyclone,406.0,,57.0,939.0,,,,1272,2,Medium
Cyclone,462.0,,70.0,958.0,,,,1238,3,Medium
Cyclone,197.0,,128.0,954.0,,,,1186,1,Medium
Cyclone,368.0,,76.0,961.0,,,,203,1,Medium
Cyclone,222.0,,175.0,903.0,,,,970,1,High
Cyclone,482.0,,235.0,959.0,,,,767,3,High
Cyclone,312.0,,134.0,1015.0,,,,372,7,Medium
Cyclone,365.0,,153.0,974.0,,,,1129,0,Medium
Cyclone,419.0,,228.0,994.0,,,,1270,7,High
Cyclone,42.0,,42.0,1006.0,,,,283,7,Low
Cyclone,269.0,,239.0,995.0,,,,1151,7,High
Cyclone,349.0,,170.0,990.0,,,,1242,5,High
Cyclone,475.0,,129.0,929.0,,,,392,6,High
Cyclone,176.0,,60.0,1006.0,,,,1494,4,Medium
Cyclone,233.0,,159.0,901.0,,,,1367,6,High
Cyclone,109.0,,45.0,961.0,,,,1341,2,Low
Cyclone,408.0,,166.0,948.0,,,,276,7,High
Cyclone,72.0,,102.0,908.0,,,,1422,0,Medium
Cyclone,487.0,,195.0,991.0,,,,157,2,High
Cyclone,118.0,,232.0,930.0,,,,1392,6,High
Cyclone,177.0,,83.0,997.0,,,,407,4,Low
Cyclone,124.0,,213.0,960.0,,,,1411,3,Medium
Cyclone,481.0,,243.0,1019.0,,,,1076,6,High
Cyclone,457.0,,129.0,978.0,,,,1228,1,Medium
Cyclone,180.0,,138.0,947.0,,,,1351,6,Medium
Cyclone,31.0,,116.0,924.0,,,,1370,1,Medium
Cyclone,405.0,,202.0,935.0,,,,799,3,High
Cyclone,51.0,,191.0,907.0,,,,182,6,Medium
Cyclone,400.0,,166.0,972.0,,,,1309,0,Medium
Cyclone,342.0,,245.0,957.0,,,,351,0,High
Cyclone,357.0,,37.0,1000.0,,,,1478,2,Medium
Cyclone,36.0,,36.0,1011.0,,,,895,3,Low
Cyclone,235.0,,65.0,944.0,,,,996,7,Medium
Cyclone,469.0,,47.0,961.0,,,,309,0,Medium
Cyclone,404.0,,32.0,938.0,,,,915,6,Medium
Cyclone,480.0,,57.0,995.0,,,,708,3,Medium
Cyclone,143.0,,99.0,957.0,,,,546,4,Medium
Cyclone,301.0,,201.0,1015.0,,,,559,1,Medium
Cyclone,112.0,,178.0,980.0,,,,1067,6,Medium
Cyclone,208.0,,57.0,998.0,,,,571,1,Low
Cyclone,239.0,,83.0,1000.0,,,,469,1,Low
Cyclone,493.0,,211.0,982.0,,,,999,7,High
Cyclone,357.0,,94.0,963.0,,,,1022,3,Medium
Cyclone,153.0,,129.0,943.0,,,,236,3,Medium
Cyclone,142.0,,50.0,928.0,,,,466,2,Medium
Cyclone,41.0,,42.0,958.0,,,,1011,1,Low
Cyclone,155.0,,86.0,970.0,,,,283,2,Low
Cyclone,82.0,,78.0,991.0,,,,1410,7,Medium
Cyclone,360.0,,147.0,908.0,,,,571,1,High
Cyclone,418.0,,83.0,991.0,,,,1498,2,Medium
Cyclone,312.0,,167.0,905.0,,,,753,2,High
Cyclone,169.0,,82.0,928.0,,,,848,4,Medium
Cyclone,430.0,,73.0,957.0,,,,636,2,Medium
Cyclone,419.0,,76.0,916.0,,,,901,3,Medium
Cyclone,126.0,,82.0,915.0,,,,1373,2,Medium
Cyclone,34.0,,103.0,986.0,,,,1019,1,Low
Cyclone,86.0,,75.0,994.0,,,,609,2,Low
Cyclone,441.0,,42.0,902.0,,,,729,0,Medium
Cyclone,363.0,,194.0,920.0,,,,1101,5,High
Cyclone,98.0,,131.0,963.0,,,,1196,1,Medium
Cyclone,147.0,,53.0,989.0,,,,1405,0,Low
Cyclone,405.0,,31.0,935.0,,,,1015,7,Medium
Cyclone,88.0,,243.0,1005.0,,,,1483,1,Medium
Cyclone,62.0,,110.0,1000.0,,,,1133,3,Low
Cyclone,347.0,,129.0,1016.0,,,,1334,5,Medium
Cyclone,79.0,,171.0,985.0,,,,251,5,Medium
Cyclone,397.0,,167.0,961.0,,,,1128,3,High
Cyclone,48.0,,192.0,941.0,,,,1318,5,Medium
Cyclone,243.0,,182.0,975.0,,,,1406,3,Medium
Cyclone,226.0,,160.0,941.0,,,,563,0,Medium
Cyclone,408.0,,140.0,960.0,,,,1236,7,High
Cyclone,479.0,,131.0,912.0,,,,370,4,High
Cyclone,76.0,,46.0,910.0,,,,1286,1,Medium
Cyclone,196.0,,41.0,953.0,,,,559,3,Low
Cyclone,481.0,,211.0,915.0,,,,204,1,High
Cyclone,318.0,,145.0,907.0,,,,1405,7,High
Cyclone,170.0,,53.0,1003.0,,,,261,0,Low
Cyclone,113.0,,58.0,958.0,,,,450,4,Low
Cyclone,211.0,,200.0,956.0,,,,533,7,High
Cyclone,420.0,,182.0,939.0,,,,951,0,High
Cyclone,108.0,,151.0,1008.0,,,,239,5,Medium
Cyclone,244.0,,217.0,958.0,,,,1255,1,High
Cyclone,43.0,,119.0,901.0,,,,186,6,Medium
Cyclone,244.0,,94.0,993.0,,,,282,4,Medium
Cyclone,432.0,,113.0,993.0,,,,467,5,Medium
Cyclone,157.0,,148.0,975.0,,,,228,7,Medium
Cyclone,339.0,,185.0,909.0,,,,1369,4,High
Cyclone,277.0,,45.0,943.0,,,,769,5,Medium
Cyclone,433.0,,204.0,910.0,,,,248,0,High
Cyclone,58.0,,238.0,978.0,,,,1084,3,Medium
Cyclone,309.0,,133.0,979.0,,,,951,1,Medium
Cyclone,367.0,,121.0,980.0,,,,727,2,Medium
Cyclone,348.0,,215.0,989.0,,,,545,2,Medium
Cyclone,231.0,,233.0,901.0,,,,983,0,High
Cyclone,390.0,,56.0,949.0,,,,393,7,Medium
Cyclone,86.0,,210.0,911.0,,,,1266,1,High
Cyclone,421.0,,199.0,1014.0,,,,349,7,High
Cyclone,247.0,,216.0,989.0,,,,977,1,Medium
Cyclone,91.0,,204.0,922.0,,,,1047,0,Medium
Cyclone,186.0,,191.0,917.0,,,,1074,1,High
Cyclone,231.0,,194.0,961.0,,,,1425,3,High
Cyclone,46.0,,163.0,995.0,,,,1148,7,Medium
Cyclone,351.0,,164.0,1012.0,,,,888,0,Medium
Cyclone,35.0,,182.0,961.0,,,,1083,3,Medium
Cyclone,87.0,,62.0,937.0,,,,988,1,Low
Cyclone,354.0,,84.0,1020.0,,,,989,0,Medium
Cyclone,441.0,,215.0,1010.0,,,,169,1,Medium
Cyclone,347.0,,36.0,966.0,,,,724,7,Medium
Cyclone,198.0,,86.0,937.0,,,,974,0,Medium
Cyclone,482.0,,155.0,966.0,,,,1235,1,High
Cyclone,111.0,,41.0,993.0,,,,1487,7,Medium
Cyclone,497.0,,45.0,960.0,,,,1426,3,Medium
Cyclone,454.0,,237.0,900.0,,,,570,6,High
Cyclone,462.0,,72.0,993.0,,,,190,3,Medium
Cyclone,248.0,,146.0,944.0,,,,629,1,Medium
Cyclone,206.0,,234.0,995.0,,,,760,0,Medium
Cyclone,233.0,,164.0,927.0,,,,838,2,Medium
Cyclone,100.0,,140.0,920.0,,,,825,3,Medium
Cyclone,416.0,,80.0,1009.0,,,,971,3,Medium
Cyclone,295.0,,230.0,912.0,,,,291,7,High
Cyclone,127.0,,189.0,926.0,,,,1365,5,High
Cyclone,374.0,,104.0,999.0,,,,237,2,Medium
Cyclone,320.0,,37.0,906.0,,,,444,1,Medium
Cyclone,237.0,,244.0,921.0,,,,1303,6,High
Cyclone,31.0,,246.0,973.0,,,,1108,0,Medium
Cyclone,153.0,,229.0,1002.0,,,,602,5,Medium
Cyclone,309.0,,74.0,952.0,,,,302,1,Medium
Cyclone,103.0,,243.0,978.0,,,,672,4,Medium
Cyclone,195.0,,88.0,978.0,,,,291,6,Medium
Cyclone,51.0,,161.0,903.0,,,,104,3,Medium
Cyclone,183.0,,133.0,995.0,,,,1360,4,Medium
Cyclone,456.0,,224.0,922.0,,,,410,3,High
Cyclone,468.0,,186.0,1018.0,,,,648,3,Medium
Cyclone,324.0,,186.0,969.0,,,,155,4,Medium
Cyclone,248.0,,127.0,987.0,,,,542,6,Medium
Cyclone,186.0,,185.0,983.0,,,,1360,7,High
Cyclone,259.0,,234.0,1000.0,,,,969,4,High
Cyclone,49.0,,108.0,983.0,,,,1320,1,Low
Cyclone,70.0,,153.0,975.0,,,,684,5,Medium
Cyclone,467.0,,244.0,932.0,,,,851,5,High
Cyclone,177.0,,201.0,927.0,,,,459,4,High
Cyclone,137.0,,247.0,907.0,,,,918,1,High
Cyclone,432.0,,33.0,900.0,,,,129,7,Medium
Cyclone,113.0,,119.0,936.0,,,,207,5,Medium
Cyclone,396.0,,133.0,962.0,,,,943,1,Medium
Cyclone,351.0,,166.0,921.0,,,,816,7,High
Cyclone,443.0,,148.0,969.0,,,,990,1,Medium
Cyclone,338.0,,162.0,920.0,,,,1059,3,High
Cyclone,319.0,,85.0,995.0,,,,992,5,Medium
Cyclone,435.0,,125.0,934.0,,,,831,7,High
Cyclone,352.0,,241.0,978.0,,,,705,5,High
Cyclone,163.0,,207.0,904.0,,,,556,3,High
Cyclone,236.0,,104.0,959.0,,,,714,4,Medium
Cyclone,312.0,,172.0,1019.0,,,,797,3,Medium
Cyclone,295.0,,61.0,945.0,,,,773,5,Medium
Cyclone,102.0,,57.0,949.0,,,,1370,5,Medium
Cyclone,381.0,,51.0,947.0,,,,642,6,Medium
Cyclone,77.0,,46.0,905.0,,,,956,7,Medium
Cyclone,355.0,,88.0,988.0,,,,996,4,Medium
Cyclone,262.0,,119.0,955.0,,,,377,3,Medium
Cyclone,472.0,,228.0,1009.0,,,,651,7,High
Cyclone,129.0,,135.0,958.0,,,,210,0,Medium
Cyclone,88.0,,214.0,1019.0,,,,484,7,Medium
Cyclone,287.0,,55.0,1003.0,,,,860,0,Low
Cyclone,442.0,,54.0,928.0,,,,1314,4,Medium
Cyclone,481.0,,167.0,970.0,,,,793,3,High
Cyclone,94.0,,74.0,1003.0,,,,504,3,Low
Cyclone,112.0,,112.0,976.0,,,,1458,1,Medium
Cyclone,183.0,,40.0,1001.0,,,,1332,5,Low
Cyclone,295.0,,234.0,917.0,,,,121,2,High
Cyclone,338.0,,210.0,901.0,,,,777,6,High
Cyclone,108.0,,229.0,907.0,,,,710,7,High
Cyclone,344.0,,133.0,974.0,,,,1331,4,Medium
Cyclone,179.0,,97.0,996.0,,,,107,2,Low
Cyclone,464.0,,124.0,953.0,,,,801,7,High
Cyclone,77.0,,185.0,937.0,,,,628,2,Medium
Cyclone,434.0,,232.0,947.0,,,,701,4,High
Cyclone,408.0,,94.0,926.0,,,,756,3,Medium
Cyclone,277.0,,78.0,919.0,,,,265,4,Medium
Cyclone,307.0,,204.0,911.0,,,,948,7,High
Cyclone,385.0,,81.0,942.0,,,,595,2,Medium
Cyclone,127.0,,131.0,960.0,,,,689,5,Medium
Cyclone,443.0,,245.0,930.0,,,,528,6,High
Cyclone,54.0,,211.0,990.0,,,,873,6,Medium
Cyclone,313.0,,217.0,995.0,,,,262,5,Medium
Cyclone,478.0,,86.0,960.0,,,,465,5,Medium
Cyclone,398.0,,76.0,973.0,,,,1362,3,Medium
Cyclone,330.0,,188.0,966.0,,,,171,7,High
Cyclone,97.0,,203.0,1008.0,,,,754,0,Medium
Cyclone,36.0,,55.0,990.0,,,,368,4,Low
Cyclone,334.0,,143.0,934.0,,,,514,6,High
Cyclone,166.0,,34.0,994.0,,,,1368,5,Low
Cyclone,193.0,,113.0,914.0,,,,1115,4,Medium
Cyclone,112.0,,81.0,915.0,,,,774,6,Medium
Cyclone,414.0,,134.0,912.0,,,,1183,5,High
Cyclone,167.0,,232.0,1012.0,,,,105,7,Medium
Cyclone,449.0,,83.0,934.0,,,,1081,6,High
Cyclone,102.0,,190.0,1015.0,,,,669,3,Medium
Cyclone,266.0,,207.0,974.0,,,,506,0,Medium
Cyclone,75.0,,195.0,958.0,,,,1340,0,Medium
Cyclone,135.0,,184.0,920.0,,,,125,5,Medium
Cyclone,445.0,,44.0,1014.0,,,,1128,6,Medium
Cyclone,317.0,,90.0,953.0,,,,1085,3,Medium
Cyclone,291.0,,151.0,974.0,,,,489,1,Medium
Cyclone,205.0,,50.0,929.0,,,,809,4,Medium
Cyclone,195.0,,75.0,947.0,,,,670,4,Medium
Cyclone,174.0,,226.0,1016.0,,,,853,2,Medium
Cyclone,359.0,,163.0,934.0,,,,245,3,High
Cyclone,399.0,,67.0,985.0,,,,884,6,Medium
Cyclone,312.0,,91.0,937.0,,,,1372,7,High
Cyclone,83.0,,115.0,930.0,,,,625,7,Medium
Cyclone,207.0,,219.0,977.0,,,,112,2,Medium
Cyclone,448.0,,239.0,923.0,,,,1002,5,High
Cyclone,273.0,,107.0,1013.0,,,,483,6,Medium
Cyclone,370.0,,231.0,948.0,,,,655,2,High
Earthquake,,,,,2.0,44.97,9.96,1318,0,Medium
Earthquake,,,,,6.27,67.88,3.59,605,2,Medium
Earthquake,,,,,4.14,51.38,5.84,1457,2,Medium
Earthquake,,,,,3.53,86.28,5.8,892,6,Medium
Earthquake,,,,,2.08,86.74,4.65,1427,6,Medium
Earthquake,,,,,5.24,1.98,2.52,932,6,High
Earthquake,,,,,7.11,78.03,9.8,1446,5,High
Earthquake,,,,,7.75,46.61,8.68,957,7,High
Earthquake,,,,,5.39,98.9,5.48,905,2,Medium
Earthquake,,,,,5.09,48.84,6.43,1272,5,High
Earthquake,,,,,2.51,98.7,3.05,860,4,Low
Earthquake,,,,,5.29,75.7,5.89,932,6,Medium
Earthquake,,,,,4.28,25.61,7.25,382,4,Medium
Earthquake,,,,,5.64,54.3,5.64,1485,6,High
Earthquake,,,,,4.33,99.22,9.91,478,1,Medium
Earthquake,,,,,3.44,85.9,6.5,297,5,Medium
Earthquake,,,,,2.57,10.64,4.34,1114,5,Medium
Earthquake,,,,,3.89,70.93,7.95,1123,7,High
Earthquake,,,,,2.58,35.21,2.53,655,0,Low
Earthquake,,,,,3.06,1.69,4.46,455,3,Medium
Earthquake,,,,,7.92,40.94,4.12,1140,2,High
Earthquake,,,,,4.66,24.24,4.89,738,0,Medium
Earthquake,,,,,5.19,82.07,8.04,478,5,Medium
Earthquake,,,,,7.24,34.4,5.36,779,0,High
Earthquake,,,,,7.97,82.92,8.15,605,1,High
Earthquake,,,,,5.5,1.06,6.19,998,3,High
Earthquake,,,,,6.87,31.47,4.08,175,7,High
Earthquake,,,,,3.96,24.88,8.29,330,5,Medium
Earthquake,,,,,3.83,24.12,3.14,1061,5,Medium
Earthquake,,,,,4.42,7.75,3.02,1371,2,Medium
Earthquake,,,,,6.04,19.53,5.54,401,7,High
Earthquake,,,,,6.09,56.0,3.35,825,7,Medium
Earthquake,,,,,3.89,29.84,1.08,314,6,Medium
Earthquake,,,,,2.8,42.32,6.83,1281,3,Medium
Earthquake,,,,,5.79,38.31,5.6,168,1,Medium
Earthquake,,,,,2.77,87.71,5.01,492,4,Medium
Earthquake,,,,,5.47,90.62,9.7,1208,0,High
Earthquake,,,,,6.16,49.8,6.14,366,7,High
Earthquake,,,,,6.2,33.69,8.77,1192,2,High
Earthquake,,,,,6.52,11.57,2.26,710,5,High
Earthquake,,,,,7.24,95.39,6.12,1470,4,High
Earthquake,,,,,5.0,6.96,8.81,1108,1,High
Earthquake,,,,,6.38,30.47,6.25,1061,3,High
Earthquake,,,,,5.72,30.51,7.46,827,7,High
Earthquake,,,,,3.12,32.72,4.35,772,0,Medium
Earthquake,,,,,2.15,17.26,1.83,522,7,Medium
Earthquake,,,,,3.71,78.53,5.12,1297,2,Medium
Earthquake,,,,,4.66,13.13,4.55,214,7,Medium
Earthquake,,,,,5.7,63.86,8.8,319,7,High
Earthquake,,,,,7.1,13.26,3.2,130,7,High
Earthquake,,,,,3.18,7.98,9.7,1466,5,High
Earthquake,,,,,2.75,91.03,9.62,1500,5,Medium
Earthquake,,,,,7.78,19.82,3.23,1253,4,High
Earthquake,,,,,2.65,82.3,4.13,716,4,Medium
Earthquake,,,,,4.87,54.92,9.06,638,0,Medium
Earthquake,,,,,5.51,8.71,9.7,838,3,High
Earthquake,,,,,5.25,95.59,4.99,1125,1,Medium
Earthquake,,,,,2.52,25.45,3.89,970,6,Medium
Earthquake,,,,,2.34,86.1,5.73,200,3,Low
Earthquake,,,,,2.63,17.71,7.19,1181,3,Medium
Earthquake,,,,,5.51,85.54,3.46,791,3,Medium
Earthquake,,,,,5.27,2.31,7.63,1040,6,High
Earthquake,,,,,3.4,51.67,1.46,440,0,Low
Earthquake,,,,,5.83,77.17,1.44,960,6,Medium
Earthquake,,,,,6.92,93.54,4.48,1143,0,Medium
Earthquake,,,,,2.25,91.01,4.18,1378,6,Medium
Earthquake,,,,,4.99,82.14,3.84,1440,1,Medium
Earthquake,,,,,6.14,88.93,5.42,137,7,Medium
Earthquake,,,,,3.51,20.72,3.89,759,3,Medium
Earthquake,,,,,3.85,29.13,2.73,1027,7,Medium
Earthquake,,,,,5.68,29.61,3.79,1149,0,Medium
Earthquake,,,,,7.39,38.33,9.77,553,6,High
Earthquake,,,,,6.86,39.94,4.7,1446,1,High
Earthquake,,,,,5.5,54.91,5.0,836,6,High
Earthquake,,,,,6.38,16.83,6.19,918,7,High
Earthquake,,,,,4.19,69.43,9.85,872,5,High
Earthquake,,,,,5.85,17.59,3.17,112,1,Medium
Earthquake,,,,,4.8,31.72,7.13,1014,3,High
Earthquake,,,,,3.14,50.83,7.44,1020,2,Medium
Earthquake,,,,,6.21,79.85,6.47,924,3,Medium
Earthquake,,,,,5.34,74.21,1.8,470,2,Medium
Earthquake,,,,,4.15,64.91,7.09,1414,1,Medium
Earthquake,,,,,7.47,16.42,1.58,431,5,High
Earthquake,,,,,2.13,55.16,6.37,360,7,Medium
Earthquake,,,,,3.89,9.66,7.66,1328,5,High
Earthquake,,,,,2.34,38.36,2.9,796,0,Low
Earthquake,,,,,6.6,41.94,8.57,786,5,High
Earthquake,,,,,6.21,4.94,1.27,1049,4,High
Earthquake,,,,,3.99,28.12,8.59,486,1,Medium
Earthquake,,,,,6.05,95.61,5.14,920,7,Medium
Earthquake,,,,,4.38,95.41,2.96,567,7,Medium
Earthquake,,,,,6.54,35.88,2.2,168,0,Medium
Earthquake,,,,,4.73,5.27,9.58,1227,7,High
Earthquake,,,,,4.47,18.73,1.65,1284,5,Medium
Earthquake,,,,,7.61,39.83,2.79,299,1,Medium
Earthquake,,,,,3.51,94.83,4.13,315,3,Low
Earthquake,,,,,2.72,14.98,6.58,311,5,Medium
Earthquake,,,,,5.51,76.59,5.9,607,6,Medium
Earthquake,,,,,7.82,11.76,2.13,115,2,Medium
Earthquake,,,,,4.27,98.14,3.61,983,1,Medium
Earthquake,,,,,2.37,38.78,3.15,431,7,Medium
Earthquake,,,,,4.04,77.75,2.92,816,0,Medium
Earthquake,,,,,5.04,34.92,4.7,650,3,Medium
Earthquake,,,,,2.97,63.14,7.34,1041,4,Medium
Earthquake,,,,,5.95,20.01,2.96,355,3,Medium
Earthquake,,,,,7.99,15.46,4.3,1091,5,High
Earthquake,,,,,4.71,93.87,4.52,827,2,Medium
Earthquake,,,,,4.13,91.85,9.79,979,3,Medium
Earthquake,,,,,4.4,88.86,9.59,914,4,Medium
Earthquake,,,,,2.69,62.92,8.2,1295,6,Medium
Earthquake,,,,,7.3,81.02,3.17,748,0,Medium
Earthquake,,,,,4.49,7.83,1.61,1099,1,Medium
Earthquake,,,,,4.32,34.14,3.85,570,2,Medium
Earthquake,,,,,5.96,32.06,3.4,789,4,Medium
Earthquake,,,,,4.65,63.93,5.55,799,7,Medium
Earthquake,,,,,5.89,36.24,8.0,606,5,High
Earthquake,,,,,2.37,15.7,8.72,1091,5,High
Earthquake,,,,,6.88,60.05,8.6,1109,5,High
Earthquake,,,,,7.64,81.62,4.24,903,7,High
Earthquake,,,,,5.89,38.83,7.19,930,7,High
Earthquake,,,,,7.73,14.09,3.82,1448,2,High
Earthquake,,,,,2.91,20.47,1.55,313,3,Medium
Earthquake,,,,,4.86,24.51,7.31,1331,2,High
Earthquake,,,,,5.61,30.69,1.09,268,5,Medium
Earthquake,,,,,5.49,64.64,4.68,1453,6,High
Earthquake,,,,,4.41,60.49,3.96,1403,4,Medium
Earthquake,,,,,4.03,69.91,7.24,1077,1,Medium
Earthquake,,,,,2.76,36.89,7.9,1428,1,Medium
Earthquake,,,,,4.35,82.58,3.74,245,2,Medium
Earthquake,,,,,2.98,21.2,8.3,615,5,Medium
Earthquake,,,,,6.41,47.44,3.65,1213,7,High
Earthquake,,,,,3.25,80.29,5.02,552,0,Medium
Earthquake,,,,,2.35,18.84,7.54,159,6,Medium
Earthquake,,,,,5.31,11.88,7.24,1434,2,High
Earthquake,,,,,5.57,88.48,9.89,627,5,High
Earthquake,,,,,7.23,34.95,3.03,1350,3,High
Earthquake,,,,,5.46,68.7,6.96,1123,1,Medium
Earthquake,,,,,4.07,3.51,6.49,573,1,Medium
Earthquake,,,,,6.82,69.31,9.24,856,6,High
Earthquake,,,,,5.24,32.29,2.41,881,1,Medium
Earthquake,,,,,2.48,6.52,7.77,1202,0,Medium
Earthquake,,,,,5.4,61.37,6.11,532,5,Medium
Earthquake,,,,,7.45,24.84,3.47,1276,5,High
Earthquake,,,,,4.38,39.29,5.27,500,6,Medium
Earthquake,,,,,3.78,8.98,4.0,1402,5,High
Earthquake,,,,,2.86,15.57,6.21,156,7,Medium
Earthquake,,,,,2.91,30.5,9.0,1102,6,High
Earthquake,,,,,4.6,9.89,6.12,285,5,Medium
Earthquake,,,,,5.57,91.17,6.69,497,0,Medium
Earthquake,,,,,2.48,1.6,5.67,704,4,Medium
Earthquake,,,,,7.64,48.9,1.46,887,2,Medium
Earthquake,,,,,6.53,13.2,3.1,257,2,Medium
Earthquake,,,,,5.52,31.46,5.43,1482,5,High
Earthquake,,,,,6.97,92.68,3.79,688,3,Medium
Earthquake,,,,,2.48,17.01,2.64,565,1,Medium
Earthquake,,,,,4.86,96.62,5.54,545,0,Medium
Earthquake,,,,,5.78,21.37,3.91,900,3,High
Earthquake,,,,,6.97,74.42,3.32,1196,7,High
Earthquake,,,,,6.7,55.12,5.18,1028,3,High
Earthquake,,,,,3.66,88.56,2.2,116,5,Low
Earthquake,,,,,7.65,55.85,9.35,830,0,High
Earthquake,,,,,2.75,53.92,8.81,425,2,Medium
Earthquake,,,,,7.25,20.35,7.37,1094,1,High
Earthquake,,,,,7.83,17.46,1.96,712,2,High
Earthquake,,,,,3.06,91.73,7.98,645,3,Medium
Earthquake,,,,,6.33,33.46,8.27,695,7,High
Earthquake,,,,,2.24,37.84,7.91,1020,1,Medium
Earthquake,,,,,4.43,76.22,2.03,941,4,Medium
Earthquake,,,,,5.1,34.54,6.8,1325,3,High
Earthquake,,,,,5.48,95.25,8.51,443,2,Medium
Earthquake,,,,,7.62,74.05,6.2,958,2,High
Earthquake,,,,,6.03,60.15,6.82,1341,5,High
Earthquake,,,,,4.89,88.21,5.13,544,2,Medium
Earthquake,,,,,6.86,5.91,5.76,321,0,High
Earthquake,,,,,7.7,26.45,1.31,691,3,Medium
Earthquake,,,,,2.13,47.04,6.75,1130,6,Medium
Earthquake,,,,,7.9,23.47,1.73,1395,6,High
Earthquake,,,,,2.52,74.65,4.92,1117,7,Medium
Earthquake,,,,,6.89,92.0,3.63,115,1,Medium
Earthquake,,,,,3.68,42.95,5.91,623,2,Medium
Earthquake,,,,,2.79,34.87,2.2,902,5,Medium
Earthquake,,,,,4.64,96.19,7.22,120,5,Medium
Earthquake,,,,,5.86,45.04,8.16,327,2,High
Earthquake,,,,,4.29,49.42,2.47,1107,0,Medium
Earthquake,,,,,2.33,35.81,1.94,1411,5,Medium
Earthquake,,,,,5.6,91.05,2.31,908,6,Medium
Earthquake,,,,,7.41,57.33,8.89,1257,1,High
Earthquake,,,,,4.3,76.46,5.75,1406,3,Medium
Earthquake,,,,,3.3,81.37,5.21,503,4,Medium
Earthquake,,,,,4.66,34.84,1.96,1189,0,Medium
Earthquake,,,,,2.29,43.94,6.85,536,7,Medium
Earthquake,,,,,6.92,85.0,8.81,928,7,High
Earthquake,,,,,6.96,36.96,8.45,1033,5,High
Earthquake,,,,,5.53,79.6,6.63,358,3,Medium
Earthquake,,,,,4.12,94.16,1.68,202,4,Low
Earthquake,,,,,6.8,62.7,2.01,1092,7,High
Earthquake,,,,,5.33,74.42,1.44,868,2,Medium
Earthquake,,,,,6.96,80.7,3.32,1224,2,Medium
Earthquake,,,,,5.79,84.66,2.22,1321,1,Medium
Earthquake,,,,,6.71,40.11,3.34,912,4,High
Earthquake,,,,,5.59,6.08,4.47,325,2,Medium
Earthquake,,,,,4.48,40.79,9.49,1042,7,High
Earthquake,,,,,7.75,67.7,6.49,562,2,High
Earthquake,,,,,5.25,45.58,8.51,336,6,High
Earthquake,,,,,5.63,75.15,7.39,1149,5,High
Earthquake,,,,,3.32,36.34,2.01,1244,7,Medium
Earthquake,,,,,5.75,63.84,7.62,605,7,High
Earthquake,,,,,5.43,19.46,3.48,1305,7,High
Earthquake,,,,,3.11,75.19,6.75,913,1,Medium
Earthquake,,,,,2.36,55.02,4.07,866,3,Medium
Earthquake,,,,,5.63,21.2,9.98,733,7,High
Earthquake,,,,,6.58,29.9,3.37,1438,2,High
Earthquake,,,,,5.14,75.11,3.51,1090,6,Medium
Earthquake,,,,,3.36,48.78,9.38,717,7,High
Earthquake,,,,,6.0,22.39,1.22,372,0,Medium
Earthquake,,,,,2.48,96.76,7.27,331,0,Low
Earthquake,,,,,4.65,71.8,7.53,867,3,Medium
Earthquake,,,,,2.98,95.76,8.53,595,4,Medium
Earthquake,,,,,3.11,43.28,9.77,1147,1,Medium
Earthquake,,,,,3.21,48.03,9.78,1232,6,High
Earthquake,,,,,4.32,89.9,1.59,601,5,Medium
Earthquake,,,,,2.31,52.98,8.4,124,6,Medium
Earthquake,,,,,4.39,71.02,6.82,1310,0,Medium
Earthquake,,,,,5.07,25.97,6.83,387,0,Medium
Earthquake,,,,,4.9,45.23,2.16,437,3,Medium
Earthquake,,,,,4.3,13.22,6.85,1160,4,High
Earthquake,,,,,7.03,21.39,9.84,236,4,High
Earthquake,,,,,2.87,1.09,9.21,607,3,High
Earthquake,,,,,5.03,4.89,4.95,326,7,High
Earthquake,,,,,2.37,97.75,1.36,419,6,Low
Earthquake,,,,,2.43,24.99,4.26,1015,0,Medium
Earthquake,,,,,5.44,66.67,8.44,1305,6,High
Earthquake,,,,,5.4,84.07,7.31,185,6,Medium
Earthquake,,,,,7.27,55.52,5.13,1025,1,High
Earthquake,,,,,5.35,16.16,1.5,152,0,Medium
Earthquake,,,,,7.76,73.08,4.84,959,4,High
Earthquake,,,,,2.29,60.42,5.22,966,5,Medium
Earthquake,,,,,2.59,73.39,9.36,1358,6,High
Earthquake,,,,,2.26,77.2,6.77,532,0,Medium
Earthquake,,,,,3.11,97.57,3.8,1098,6,Medium
Earthquake,,,,,5.25,57.78,5.73,199,1,Medium
Earthquake,,,,,5.87,34.82,1.59,1089,7,High
Earthquake,,,,,2.27,65.2,9.75,698,2,Medium
Earthquake,,,,,7.68,7.78,4.24,502,0,High
Earthquake,,,,,7.05,89.84,5.3,495,3,Medium
Earthquake,,,,,3.78,12.82,4.2,514,2,Medium
Earthquake,,,,,2.46,33.46,7.14,1038,6,Medium
Earthquake,,,,,3.02,81.76,6.96,776,3,Medium
Earthquake,,,,,2.76,60.13,7.44,562,3,Medium
Earthquake,,,,,2.74,39.97,3.41,640,3,Medium
Earthquake,,,,,5.11,47.87,3.84,1487,0,Medium
Earthquake,,,,,3.48,85.6,2.13,1253,4,Medium
Earthquake,,,,,4.15,34.66,6.9,183,6,Medium
Earthquake,,,,,7.94,87.1,1.36,370,2,Medium
Earthquake,,,,,6.11,9.73,6.38,343,1,High
Earthquake,,,,,7.69,77.9,8.83,487,4,High
Earthquake,,,,,2.86,84.91,9.02,313,6,Medium
Earthquake,,,,,4.29,19.0,5.04,917,7,High
Earthquake,,,,,5.33,43.6,5.13,1289,7,High
Earthquake,,,,,2.46,17.38,1.69,158,0,Low
Earthquake,,,,,2.03,70.95,7.04,982,3,Medium
Earthquake,,,,,6.02,54.0,8.39,942,1,High
Earthquake,,,,,5.85,63.9,3.2,1023,6,Medium
Earthquake,,,,,4.46,20.45,4.79,222,2,Medium
Earthquake,,,,,4.94,21.96,8.55,1262,6,High
Earthquake,,,,,4.49,5.11,8.89,1352,4,High
Earthquake,,,,,2.14,32.88,3.19,1397,7,Medium
Earthquake,,,,,4.01,56.41,5.96,538,5,Medium
Earthquake,,,,,3.06,85.94,2.73,1121,4,Medium
Earthquake,,,,,2.59,67.03,1.92,661,6,Medium
Earthquake,,,,,7.74,44.1,9.2,217,1,High
Earthquake,,,,,5.6,95.36,8.38,1004,6,High
Earthquake,,,,,6.37,72.21,7.84,494,6,High
Earthquake,,,,,3.89,93.09,1.44,975,0,Low
Earthquake,,,,,4.36,53.23,8.59,1034,2,High
Earthquake,,,,,3.42,26.63,4.94,1201,1,Medium
Earthquake,,,,,2.58,6.23,4.08,1051,6,Medium
Earthquake,,,,,3.07,72.88,5.92,174,3,Medium
Earthquake,,,,,6.79,13.01,1.82,394,2,Medium
Earthquake,,,,,6.07,30.97,7.81,120,4,High
Earthquake,,,,,5.28,53.71,6.24,1294,1,High
Earthquake,,,,,4.85,56.88,2.68,1138,4,Medium
Earthquake,,,,,7.53,60.46,2.69,1334,7,High
Earthquake,,,,,2.44,17.46,2.66,659,6,Medium
Earthquake,,,,,3.68,38.59,1.51,1209,4,Medium
Earthquake,,,,,4.1,62.1,6.29,1272,4,Medium
Earthquake,,,,,6.69,97.01,8.56,471,0,Medium
Earthquake,,,,,7.96,73.04,1.16,917,4,Medium
Earthquake,,,,,3.44,92.34,1.44,1274,3,Medium
Earthquake,,,,,7.25,76.46,6.15,1264,3,High
Earthquake,,,,,6.98,59.58,8.38,1192,2,High
Earthquake,,,,,3.35,20.01,3.94,1383,6,Medium
Earthquake,,,,,4.4,67.0,4.15,945,5,Medium
Earthquake,,,,,4.46,62.71,6.37,620,7,Medium
Earthquake,,,,,7.87,60.64,3.47,470,4,Medium
Earthquake,,,,,3.09,49.49,1.24,200,4,Low
Earthquake,,,,,6.79,53.34,7.62,760,1,High
Earthquake,,,,,4.01,34.11,6.63,1067,0,Medium
Earthquake,,,,,6.39,52.41,6.23,342,5,High
Earthquake,,,,,4.52,20.56,7.68,852,2,High
Earthquake,,,,,5.47,80.71,7.08,611,7,High
Earthquake,,,,,7.0,19.39,2.85,948,5,High
Earthquake,,,,,6.82,9.41,4.17,654,4,High
Earthquake,,,,,7.2,44.19,2.13,1218,1,Medium
Earthquake,,,,,2.36,66.17,2.17,325,6,Low
Earthquake,,,,,6.15,44.33,7.09,313,0,Medium
Earthquake,,,,,2.84,28.4,8.73,817,6,High
Earthquake,,,,,4.49,56.26,9.66,166,2,Medium
Earthquake,,,,,5.29,35.35,6.66,495,5,High
Earthquake,,,,,4.42,93.35,2.66,711,2,Medium
Earthquake,,,,,5.12,92.34,1.95,1135,4,Medium
Earthquake,,,,,7.98,50.73,8.32,1360,2,High
Earthquake,,,,,2.81,33.46,6.21,869,6,Medium
Earthquake,,,,,6.05,73.98,6.56,506,1,Medium
Earthquake,,,,,4.38,4.63,8.03,1024,2,High
Earthquake,,,,,2.8,48.0,7.33,746,3,Medium
Earthquake,,,,,2.95,34.3,8.51,321,1,Medium
Earthquake,,,,,7.7,92.13,1.51,1279,5,Medium
Earthquake,,,,,7.28,2.19,7.73,753,0,High
Earthquake,,,,,7.44,55.73,8.66,527,0,High
Earthquake,,,,,7.95,74.33,3.58,1281,4,High
Earthquake,,,,,3.25,49.02,6.76,1076,4,Medium
Earthquake,,,,,4.13,9.45,3.83,1105,3,Medium
Earthquake,,,,,6.02,97.27,9.62,1449,5,High
Earthquake,,,,,4.9,52.28,1.3,470,6,Medium
Earthquake,,,,,4.51,61.8,6.22,1467,0,Medium
Earthquake,,,,,4.15,24.42,2.5,1385,0,Medium
Earthquake,,,,,5.56,48.87,7.41,1406,0,High
Earthquake,,,,,5.45,43.49,2.58,949,6,Medium
Earthquake,,,,,2.97,8.41,3.12,955,0,Medium
Earthquake,,,,,4.83,11.51,5.45,328,2,Medium
Earthquake,,,,,5.32,83.91,9.23,379,5,Medium
Earthquake,,,,,5.42,24.74,2.91,1413,1,Medium
Earthquake,,,,,3.26,20.3,2.3,1170,1,Medium
Earthquake,,,,,6.45,50.99,7.83,1074,3,High
Earthquake,,,,,2.15,77.11,5.51,1337,2,Medium
Earthquake,,,,,4.13,7.13,9.21,857,0,High
Earthquake,,,,,6.68,58.1,2.32,1147,0,Medium
Earthquake,,,,,5.38,12.8,6.81,420,4,High
Earthquake,,,,,3.57,4.61,3.1,373,4,Medium
Earthquake,,,,,6.17,6.22,2.41,655,3,Medium
Earthquake,,,,,5.4,83.58,7.15,943,0,Medium
Earthquake,,,,,6.78,12.68,6.34,1436,3,High
Earthquake,,,,,6.41,5.47,7.79,1486,2,High
Earthquake,,,,,5.66,44.35,3.79,767,1,Medium
Earthquake,,,,,4.93,84.56,5.03,1099,0,Medium
Earthquake,,,,,2.8,26.98,4.65,479,5,Medium
Earthquake,,,,,3.57,42.75,9.86,810,6,High
Earthquake,,,,,4.51,4.95,3.63,845,2,Medium
Earthquake,,,,,5.6,45.46,3.65,774,0,Medium
Earthquake,,,,,5.08,58.18,4.19,215,6,Medium
Earthquake,,,,,3.73,57.52,6.08,704,5,Medium
Earthquake,,,,,2.04,33.91,3.27,1165,4,Medium
Earthquake,,,,,4.98,32.24,9.24,478,3,High
Earthquake,,,,,3.71,11.56,3.39,1329,4,Medium
Earthquake,,,,,6.41,37.31,9.06,565,1,High
Earthquake,,,,,2.14,10.85,1.93,379,4,Medium
Earthquake,,,,,5.51,76.89,6.91,717,0,Medium
Earthquake,,,,,7.65,96.66,9.16,217,5,High
Earthquake,,,,,3.05,97.04,2.52,1360,4,Medium
Earthquake,,,,,4.83,86.64,9.71,408,0,Medium
Earthquake,,,,,2.55,60.48,5.08,199,1,Low
Earthquake,,,,,5.75,70.39,9.51,360,6,High
Earthquake,,,,,5.3,29.24,7.09,1092,5,High
Earthquake,,,,,4.44,63.45,3.71,1428,4,Medium
Earthquake,,,,,5.13,46.11,2.69,1477,3,Medium
Earthquake,,,,,7.38,48.72,3.73,385,3,Medium
Earthquake,,,,,3.18,76.02,1.84,427,5,Low
Earthquake,,,,,2.14,28.91,2.29,1226,3,Medium
Earthquake,,,,,7.17,32.49,1.94,162,4,Medium
Earthquake,,,,,5.46,92.54,4.81,786,4,Medium
Earthquake,,,,,7.34,6.57,8.16,1405,5,High
Earthquake,,,,,5.58,49.08,2.27,1416,4,Medium
Earthquake,,,,,6.86,91.37,2.17,837,6,Medium
Earthquake,,,,,4.58,61.43,6.79,1130,0,Medium
Earthquake,,,,,6.5,55.09,2.77,738,1,Medium
Earthquake,,,,,7.48,25.72,1.88,1035,6,High
Earthquake,,,,,5.43,34.98,2.5,1215,6,High
Earthquake,,,,,3.08,85.35,9.31,1313,3,Medium
Earthquake,,,,,3.61,56.36,8.39,575,0,Medium
Earthquake,,,,,3.19,51.96,4.19,152,5,Medium
Earthquake,,,,,3.48,10.86,6.9,853,7,High
Earthquake,,,,,3.84,2.59,5.84,585,3,Medium
Earthquake,,,,,5.33,96.4,7.09,1487,0,Medium
Earthquake,,,,,5.53,38.32,7.14,1235,4,High
Earthquake,,,,,4.56,60.72,6.66,508,5,Medium
Earthquake,,,,,5.69,8.89,3.39,1130,7,High
Earthquake,,,,,2.49,68.63,1.35,767,5,Low
Earthquake,,,,,2.53,93.32,5.1,1320,7,Medium
Earthquake,,,,,3.03,57.99,9.02,934,7,High
Earthquake,,,,,5.11,13.49,6.13,975,3,High
Earthquake,,,,,3.28,58.59,8.49,466,4,Medium
Earthquake,,,,,3.7,76.87,9.92,1101,3,Medium
Earthquake,,,,,4.4,41.24,2.47,349,7,Medium
Earthquake,,,,,6.87,88.1,7.23,1363,7,High
Earthquake,,,,,2.08,65.22,7.07,479,2,Medium
Earthquake,,,,,5.9,90.03,9.82,971,0,High
Earthquake,,,,,6.01,62.73,9.87,934,2,High
Earthquake,,,,,6.79,14.0,7.18,874,0,High
Earthquake,,,,,7.6,31.66,3.19,1018,1,High
Earthquake,,,,,2.12,20.98,8.19,554,6,Medium
Earthquake,,,,,2.92,90.97,1.96,465,5,Low
Earthquake,,,,,7.32,76.28,8.03,1413,3,High
Earthquake,,,,,4.75,67.96,9.19,502,1,Medium
Earthquake,,,,,5.39,30.8,4.45,157,1,Medium
Earthquake,,,,,5.98,19.22,6.68,620,5,High
Earthquake,,,,,6.07,75.89,4.87,1427,5,High
Earthquake,,,,,7.59,47.94,4.94,1238,0,High
Earthquake,,,,,7.98,23.35,3.79,309,2,High
Earthquake,,,,,6.32,62.05,7.86,1164,4,High
Earthquake,,,,,3.72,4.99,9.43,915,0,High
Earthquake,,,,,7.28,33.29,9.47,272,4,High
Earthquake,,,,,2.3,47.39,2.57,333,1,Low
Earthquake,,,,,3.39,15.65,8.87,892,4,High
Earthquake,,,,,7.38,98.48,7.64,892,2,High
Earthquake,,,,,3.54,21.7,3.28,1162,0,Medium
Earthquake,,,,,3.32,13.9,1.61,218,7,Medium
Earthquake,,,,,2.83,21.15,3.41,434,5,Medium
Earthquake,,,,,7.15,77.14,9.21,1459,7,High
Earthquake,,,,,5.0,43.13,6.7,1197,2,High
Earthquake,,,,,6.05,56.98,7.49,1314,6,High
Earthquake,,,,,3.43,3.08,3.31,423,2,Medium
Earthquake,,,,,6.55,4.41,7.47,1110,6,High
Earthquake,,,,,6.56,45.14,1.25,1270,0,Medium
Earthquake,,,,,3.88,81.85,4.38,383,5,Medium
Earthquake,,,,,4.46,88.64,6.64,312,2,Medium
Earthquake,,,,,3.26,9.58,2.31,1028,7,Medium
Earthquake,,,,,7.86,54.3,8.41,851,6,High
Earthquake,,,,,5.87,91.41,3.12,438,5,Medium
Earthquake,,,,,7.61,39.41,6.87,1145,3,High
Earthquake,,,,,3.82,83.13,4.65,204,3,Medium
Earthquake,,,,,6.69,14.24,6.36,869,3,High
Earthquake,,,,,6.6,93.6,1.97,815,4,Medium
Earthquake,,,,,6.15,75.39,1.15,862,2,Medium
Earthquake,,,,,7.79,94.19,9.19,1344,0,High
Earthquake,,,,,4.36,67.99,3.43,478,7,Medium
Earthquake,,,,,2.78,36.98,8.38,1345,0,Medium
Earthquake,,,,,6.03,93.88,9.99,1381,4,High
Earthquake,,,,,6.38,28.28,2.9,812,0,Medium
Earthquake,,,,,5.45,33.89,3.39,1490,6,High
Earthquake,,,,,3.24,70.38,6.97,1472,3,Medium
Earthquake,,,,,5.03,76.77,9.69,324,7,High
Earthquake,,,,,3.87,93.01,9.24,837,2,Medium
Earthquake,,,,,4.56,21.28,5.53,335,0,Medium
Earthquake,,,,,5.87,80.0,8.16,282,0,Medium
Earthquake,,,,,6.47,74.12,2.22,811,1,Medium
Earthquake,,,,,3.39,7.32,9.8,543,1,High
Earthquake,,,,,4.43,39.34,9.68,722,1,High
Earthquake,,,,,3.61,28.99,2.47,1129,2,Medium
Earthquake,,,,,3.19,31.14,3.69,1359,3,Medium
Earthquake,,,,,6.7,98.31,1.9,1250,5,Medium
Earthquake,,,,,7.46,64.63,3.45,1227,3,High
Earthquake,,,,,4.22,72.05,8.34,848,7,High
Earthquake,,,,,6.51,97.69,4.4,254,3,Medium
Earthquake,,,,,7.38,38.34,1.8,356,2,Medium
Earthquake,,,,,7.08,80.38,4.08,334,6,Medium
Earthquake,,,,,3.1,44.02,9.83,599,6,High
Earthquake,,,,,7.74,87.08,6.67,388,2,Medium
Earthquake,,,,,4.26,18.89,4.75,609,1,Medium
Earthquake,,,,,4.04,94.82,2.5,808,0,Low
Earthquake,,,,,2.37,22.66,9.88,884,4,High
Earthquake,,,,,4.92,33.3,8.39,993,4,High
Earthquake,,,,,2.65,75.86,3.53,875,5,Medium
Earthquake,,,,,3.49,39.98,1.63,397,0,Low
Earthquake,,,,,3.9,61.21,1.51,236,5,Medium
Earthquake,,,,,6.85,45.01,2.08,475,1,Medium
Earthquake,,,,,7.25,74.49,6.23,186,5,High
Earthquake,,,,,3.81,23.6,9.36,1322,0,High
Earthquake,,,,,7.15,6.79,5.47,536,7,High
Earthquake,,,,,7.14,30.69,8.59,1433,0,High
Earthquake,,,,,6.59,47.96,5.01,1404,4,High
Earthquake,,,,,2.88,17.63,7.38,1446,6,High
Earthquake,,,,,6.14,36.12,7.59,863,1,High
Earthquake,,,,,7.67,40.6,2.57,801,7,High
Earthquake,,,,,6.1,6.68,4.25,1041,2,High
Earthquake,,,,,3.99,58.75,6.74,251,7,Medium
Earthquake,,,,,5.0,88.55,1.64,1425,7,Medium
Earthquake,,,,,5.87,16.02,4.25,1401,5,High
Earthquake,,,,,5.06,60.18,5.81,1131,4,Medium
Earthquake,,,,,2.72,66.81,9.97,906,5,Medium
Earthquake,,,,,3.87,42.51,5.27,334,5,Medium
Earthquake,,,,,6.81,70.41,8.34,774,2,High
Earthquake,,,,,7.17,41.66,4.89,660,1,High
Earthquake,,,,,2.82,50.96,8.17,1425,0,Medium
Earthquake,,,,,7.71,1.73,6.36,137,3,High
Earthquake,,,,,3.97,69.48,8.98,1259,5,High
Earthquake,,,,,5.97,66.47,4.7,921,3,Medium
Earthquake,,,,,6.51,4.8,6.44,520,1,High
Earthquake,,,,,6.87,37.46,6.67,1342,3,High
Earthquake,,,,,7.67,97.92,4.76,447,5,Medium
Earthquake,,,,,3.88,42.65,2.3,1202,2,Medium
Earthquake,,,,,7.15,50.69,1.84,847,3,Medium
Earthquake,,,,,2.79,91.08,1.15,372,1,Low
Earthquake,,,,,6.23,72.01,8.86,1284,1,High
Earthquake,,,,,6.45,58.62,3.13,407,6,Medium
Earthquake,,,,,6.07,79.98,2.9,1497,6,High
Earthquake,,,,,3.51,86.57,7.62,1075,2,Medium
Earthquake,,,,,7.24,46.23,3.88,832,3,High
Earthquake,,,,,3.01,48.04,5.55,1132,3,Medium
Earthquake,,,,,2.32,39.22,2.46,543,6,Medium
Earthquake,,,,,6.3,96.7,9.64,1236,0,High
Earthquake,,,,,4.85,70.02,8.66,1328,4,High
Earthquake,,,,,7.09,9.24,8.77,504,1,High
Earthquake,,,,,4.3,86.43,4.66,952,0,Medium
Earthquake,,,,,3.01,48.58,7.86,1320,1,Medium
Earthquake,,,,,7.02,7.81,2.29,877,7,High
Earthquake,,,,,5.29,55.42,1.08,214,7,Medium
Earthquake,,,,,3.14,42.3,1.18,1244,0,Medium
Earthquake,,,,,6.32,87.9,6.28,164,7,Medium
Earthquake,,,,,5.07,21.2,5.1,1399,6,High
Earthquake,,,,,5.63,82.82,5.66,924,6,Medium
Earthquake,,,,,4.77,56.21,1.07,338,4,Medium
Earthquake,,,,,6.97,6.41,4.8,401,0,High
Earthquake,,,,,6.98,97.21,7.46,1068,1,High
Earthquake,,,,,6.26,51.75,4.98,468,3,Medium
Earthquake,,,,,2.63,29.8,7.59,332,1,Medium
Earthquake,,,,,7.03,47.47,3.1,294,5,Medium
Earthquake,,,,,6.03,85.93,8.32,1006,6,High
Earthquake,,,,,6.18,31.19,6.3,1135,2,High
Earthquake,,,,,4.18,20.07,2.9,1020,2,Medium
Earthquake,,,,,7.28,13.78,3.13,788,6,High
Earthquake,,,,,6.35,30.49,6.65,276,5,High
Earthquake,,,,,2.68,78.22,8.47,316,2,Medium
Earthquake,,,,,4.45,47.69,4.74,1134,7,High
Earthquake,,,,,7.32,23.52,3.32,729,6,High
Earthquake,,,,,2.28,17.45,8.8,263,2,Medium
Earthquake,,,,,7.77,33.94,7.02,152,6,High
Earthquake,,,,,6.07,94.05,5.03,317,4,Medium
Earthquake,,,,,5.79,34.96,5.39,1098,3,High
Earthquake,,,,,3.62,98.82,2.84,923,3,Medium
Earthquake,,,,,3.49,49.04,6.64,1483,1,Medium
Earthquake,,,,,7.65,18.74,4.23,484,5,High
Earthquake,,,,,3.79,89.22,9.96,155,6,Medium
Earthquake,,,,,6.65,46.58,5.32,217,0,Medium
Earthquake,,,,,4.36,71.26,5.37,999,1,Medium
Earthquake,,,,,2.84,98.39,6.09,1376,1,Medium
Earthquake,,,,,2.06,5.97,9.25,897,6,High
Earthquake,,,,,5.27,10.57,8.21,879,6,High
Earthquake,,,,,7.85,72.33,5.06,1115,1,High
Earthquake,,,,,4.21,28.9,7.47,902,1,Medium
Earthquake,,,,,4.14,19.25,6.28,944,3,Medium
Earthquake,,,,,4.06,4.9,5.43,1303,0,Medium
Earthquake,,,,,5.12,3.16,2.73,1358,7,High
Earthquake,,,,,4.64,77.67,5.18,954,1,Medium
Earthquake,,,,,7.28,14.31,3.21,807,7,High
Earthquake,,,,,5.03,47.3,9.23,1203,3,High
Earthquake,,,,,5.05,60.98,4.02,121,1,Medium
Earthquake,,,,,2.83,43.41,9.57,942,2,Medium
Earthquake,,,,,7.9,3.68,5.8,1216,1,High
Earthquake,,,,,3.5,78.57,6.68,291,6,Medium
Earthquake,,,,,2.44,2.04,5.89,1118,5,Medium
Earthquake,,,,,5.98,76.43,2.16,1226,5,Medium
Earthquake,,,,,5.57,89.44,4.38,495,1,Medium
Earthquake,,,,,4.49,43.85,1.89,1130,4,Medium
Earthquake,,,,,4.53,54.02,6.61,739,2,Medium
Earthquake,,,,,6.71,48.22,5.02,1118,0,High
Earthquake,,,,,3.17,39.53,8.0,666,1,Medium
Earthquake,,,,,6.92,88.86,2.98,330,7,Medium
Earthquake,,,,,5.89,89.5,2.48,973,0,Medium
Earthquake,,,,,4.51,34.25,4.66,673,2,Medium
Earthquake,,,,,4.75,61.89,9.34,339,1,Medium
Earthquake,,,,,3.54,92.76,7.39,189,4,Medium
Earthquake,,,,,6.51,96.24,4.77,331,3,Medium
Earthquake,,,,,5.08,51.39,5.66,556,4,Medium
Earthquake,,,,,3.93,45.83,1.76,332,6,Medium
Earthquake,,,,,5.58,28.59,9.86,453,4,High
Earthquake,,,,,7.97,95.93,7.0,1104,7,High
Earthquake,,,,,4.61,15.14,3.57,1456,3,High
Earthquake,,,,,7.52,58.4,6.27,538,6,High
Earthquake,,,,,4.07,28.97,1.99,1498,3,Medium
Earthquake,,,,,2.33,28.62,9.69,1415,5,High
Earthquake,,,,,3.23,41.09,2.57,444,3,Medium
Earthquake,,,,,4.51,99.88,6.83,763,1,Medium
Earthquake,,,,,3.32,6.44,3.21,756,0,Medium
Earthquake,,,,,2.0,58.28,7.46,229,5,Medium
Earthquake,,,,,7.49,9.17,7.99,240,5,High
Earthquake,,,,,7.06,16.3,7.06,514,0,High
Earthquake,,,,,6.45,44.52,6.53,1216,7,High
Earthquake,,,,,3.01,51.54,9.03,725,5,Medium
Earthquake,,,,,2.72,26.62,1.71,383,3,Medium
Earthquake,,,,,2.41,32.33,3.98,322,4,Medium
Earthquake,,,,,6.34,9.61,3.23,843,2,High
Earthquake,,,,,7.57,31.02,9.89,562,7,High
Earthquake,,,,,4.58,96.69,4.5,1399,3,Medium
Earthquake,,,,,2.71,94.53,7.59,1263,6,Medium
Earthquake,,,,,5.07,34.15,7.16,456,6,High
Earthquake,,,,,4.09,57.51,2.91,1146,4,Medium
Earthquake,,,,,4.25,91.05,3.15,1393,7,Medium
Earthquake,,,,,5.73,1.61,3.53,958,7,High
Earthquake,,,,,6.31,81.26,4.7,764,4,Medium
Earthquake,,,,,2.66,94.89,3.11,1456,7,Medium
Earthquake,,,,,2.21,10.04,1.18,1114,5,Medium
Earthquake,,,,,7.97,16.98,8.91,184,1,High
Earthquake,,,,,3.4,96.11,9.69,720,1,Medium
Earthquake,,,,,2.32,54.22,4.07,1154,7,Medium
Earthquake,,,,,3.14,2.41,4.05,339,5,Medium
Earthquake,,,,,2.23,26.51,1.06,462,5,Medium
Earthquake,,,,,4.35,45.54,7.12,921,0,Medium
Earthquake,,,,,6.81,69.6,8.43,767,0,High
Earthquake,,,,,4.05,73.58,2.32,1422,2,Medium
